match_id,player_slot,account_id,hero_id,leaver_status,rank_tier,is_anonymous,run_id
8912751052,0,1080684182,50,1,31.0,False,eu_500
8912751052,1,1145197233,101,0,,False,eu_500
8912751052,2,1168044991,4,0,33.0,False,eu_500
8912751052,3,233133893,78,0,43.0,False,eu_500
8912751052,4,1042112214,64,1,33.0,False,eu_500
8912751052,128,1477127769,90,0,33.0,False,eu_500
8912751052,129,1445821312,27,0,25.0,False,eu_500
8912751052,130,1848948874,23,0,34.0,False,eu_500
8912751052,131,766047875,1,0,31.0,False,eu_500
8912751052,132,165217348,32,0,23.0,False,eu_500
8912751053,0,1649317485,128,0,23.0,False,eu_500
8912751053,1,1215887585,30,0,33.0,False,eu_500
8912751053,2,1514944502,36,0,34.0,False,eu_500
8912751053,3,927397560,21,0,25.0,False,eu_500
8912751053,4,311514695,108,0,34.0,False,eu_500
8912751053,128,381119010,56,0,34.0,False,eu_500
8912751053,129,826514737,7,0,24.0,False,eu_500
8912751053,130,873302568,26,0,33.0,False,eu_500
8912751053,131,330178072,53,0,24.0,False,eu_500
8912751053,132,848420698,47,0,33.0,False,eu_500
8912751057,0,1420966369,145,0,43.0,False,eu_500
8912751057,1,1086807112,67,0,35.0,False,eu_500
8912751057,2,124690654,68,0,42.0,False,eu_500
8912751057,3,254507124,7,0,43.0,False,eu_500
8912751057,4,293067894,27,0,43.0,False,eu_500
8912751057,128,1617127094,74,0,43.0,False,eu_500
8912751057,129,316628817,14,0,42.0,False,eu_500
8912751057,130,252546205,69,0,41.0,False,eu_500
8912751057,131,1268618412,123,0,34.0,False,eu_500
8912751057,132,146634231,6,0,34.0,False,eu_500
8912751059,0,94094175,35,0,35.0,False,eu_500
8912751059,1,1274962501,53,0,34.0,False,eu_500
8912751059,2,1238874117,84,0,35.0,False,eu_500
8912751059,3,315844367,123,0,34.0,False,eu_500
8912751059,4,1608778171,14,0,23.0,False,eu_500
8912751059,128,1742290227,99,0,32.0,False,eu_500
8912751059,129,1313863193,90,0,35.0,False,eu_500
8912751059,130,1407494386,41,0,,False,eu_500
8912751059,131,1517305582,27,0,,False,eu_500
8912751059,132,57369231,33,0,32.0,False,eu_500
8912751065,0,1483195132,99,0,15.0,False,eu_500
8912751065,1,1878560560,14,0,15.0,False,eu_500
8912751065,2,1605282054,109,0,23.0,False,eu_500
8912751065,3,805485159,25,0,13.0,False,eu_500
8912751065,4,72880120,51,0,14.0,False,eu_500
8912751065,128,1265948068,11,0,24.0,False,eu_500
8912751065,129,1702036054,128,0,21.0,False,eu_500
8912751065,130,163629574,94,0,13.0,False,eu_500
8912751065,131,1057469195,63,0,13.0,False,eu_500
8912751065,132,1809423396,137,0,15.0,False,eu_500
8912751069,0,98079421,123,0,31.0,False,eu_500
8912751069,1,1036759968,128,0,45.0,False,eu_500
8912751069,2,1477734314,20,0,34.0,False,eu_500
8912751069,3,1239510939,67,0,34.0,False,eu_500
8912751069,4,118154011,55,0,35.0,False,eu_500
8912751069,128,141163270,121,0,42.0,False,eu_500
8912751069,129,314018555,137,0,41.0,False,eu_500
8912751069,130,1507005201,12,0,25.0,False,eu_500
8912751069,131,297017580,74,0,44.0,False,eu_500
8912751069,132,1468245750,112,0,35.0,False,eu_500
8912751071,0,99684106,121,0,54.0,False,eu_500
8912751071,1,56440598,26,0,55.0,False,eu_500
8912751071,2,1169593481,14,0,55.0,False,eu_500
8912751071,3,8277338,67,0,55.0,False,eu_500
8912751071,4,914671707,135,0,55.0,False,eu_500
8912751071,128,998797093,29,0,54.0,False,eu_500
8912751071,129,126688405,128,0,65.0,False,eu_500
8912751071,130,1656922206,36,0,54.0,False,eu_500
8912751071,131,1201482363,1,0,55.0,False,eu_500
8912751071,132,64648703,30,0,44.0,False,eu_500
8912751079,0,411527760,74,0,51.0,False,eu_500
8912751079,1,478450701,131,0,31.0,False,eu_500
8912751079,2,194828082,100,0,62.0,False,eu_500
8912751079,3,892079953,104,0,34.0,False,eu_500
8912751079,4,320212959,67,0,42.0,False,eu_500
8912751079,128,439012410,28,0,51.0,False,eu_500
8912751079,129,903362185,14,0,24.0,False,eu_500
8912751079,130,1003255686,109,0,34.0,False,eu_500
8912751079,131,1069676763,123,0,53.0,False,eu_500
8912751079,132,1454190676,121,0,21.0,False,eu_500
8912751086,0,160444005,27,0,,False,eu_500
8912751086,1,163668667,104,0,33.0,False,eu_500
8912751086,2,93172079,28,0,34.0,False,eu_500
8912751086,3,1148449542,87,0,35.0,False,eu_500
8912751086,4,477671962,128,0,33.0,False,eu_500
8912751086,128,804148998,34,0,21.0,False,eu_500
8912751086,129,1344561026,120,0,22.0,False,eu_500
8912751086,130,144020951,26,0,34.0,False,eu_500
8912751086,131,455271513,54,0,35.0,False,eu_500
8912751086,132,1048403297,137,0,35.0,False,eu_500
8912751098,0,1008539703,12,0,80.0,False,eu_500
8912751098,1,241710239,23,0,80.0,False,eu_500
8912751098,2,60926630,50,0,80.0,False,eu_500
8912751098,3,126168494,88,0,80.0,False,eu_500
8912751098,4,912146036,81,0,80.0,False,eu_500
8912751098,128,1074399069,74,1,80.0,False,eu_500
8912751098,129,303875147,86,0,80.0,False,eu_500
8912751098,130,1725928191,2,1,80.0,False,eu_500
8912751098,131,124784265,22,0,80.0,False,eu_500
8912751098,132,220295179,6,0,80.0,False,eu_500
8912751107,0,1250843233,11,0,32.0,False,eu_500
8912751107,1,1442133690,39,0,41.0,False,eu_500
8912751107,2,1279395504,104,0,33.0,False,eu_500
8912751107,3,907256207,53,0,42.0,False,eu_500
8912751107,4,1003543558,109,0,42.0,False,eu_500
8912751107,128,907455216,44,0,34.0,False,eu_500
8912751107,129,151919569,20,0,42.0,False,eu_500
8912751107,130,954421043,14,0,41.0,False,eu_500
8912751107,131,1189977250,2,0,35.0,False,eu_500
8912751107,132,1213903250,17,1,34.0,False,eu_500
8912751130,0,230862253,37,0,22.0,False,eu_500
8912751130,1,1465993717,137,0,25.0,False,eu_500
8912751130,2,1821344166,61,0,14.0,False,eu_500
8912751130,3,63476588,15,0,23.0,False,eu_500
8912751130,4,42890177,110,0,24.0,False,eu_500
8912751130,128,281989844,6,0,25.0,False,eu_500
8912751130,129,1140184389,20,0,25.0,False,eu_500
8912751130,130,814911025,55,0,23.0,False,eu_500
8912751130,131,218795043,53,0,24.0,False,eu_500
8912751130,132,74930534,84,0,25.0,False,eu_500
8912751137,0,1118357708,35,0,12.0,False,eu_500
8912751137,1,1670245516,20,0,14.0,False,eu_500
8912751137,2,900062368,69,0,12.0,False,eu_500
8912751137,3,1855023008,75,0,12.0,False,eu_500
8912751137,4,203739594,6,0,14.0,False,eu_500
8912751137,128,1741260449,59,0,,False,eu_500
8912751137,129,889018643,67,0,33.0,False,eu_500
8912751137,130,1748326636,123,0,,False,eu_500
8912751137,131,1177087701,68,0,12.0,False,eu_500
8912751137,132,105488122,129,0,13.0,False,eu_500
8912751148,0,129471787,88,0,80.0,False,eu_500
8912751148,1,193795165,90,0,75.0,False,eu_500
8912751148,2,895712077,22,0,80.0,False,eu_500
8912751148,3,120341633,54,0,80.0,False,eu_500
8912751148,4,1126392736,119,0,75.0,False,eu_500
8912751148,128,965460629,27,0,72.0,False,eu_500
8912751148,129,86776380,14,0,80.0,False,eu_500
8912751148,130,1183364475,20,0,75.0,False,eu_500
8912751148,131,1226435595,11,0,80.0,False,eu_500
8912751148,132,325543923,110,0,80.0,False,eu_500
8912751206,0,253713597,50,0,62.0,False,eu_500
8912751206,1,370483438,7,0,62.0,False,eu_500
8912751206,2,1301217703,11,0,55.0,False,eu_500
8912751206,3,155355828,2,0,53.0,False,eu_500
8912751206,4,1873307498,8,0,52.0,False,eu_500
8912751206,128,98687256,135,0,61.0,False,eu_500
8912751206,129,375707443,100,0,61.0,False,eu_500
8912751206,130,208083545,64,0,62.0,False,eu_500
8912751206,131,1880122168,17,0,61.0,False,eu_500
8912751206,132,1674928463,93,0,54.0,False,eu_500
8912751210,0,177713176,14,0,31.0,False,eu_500
8912751210,1,786532867,54,0,,False,eu_500
8912751210,2,725829184,17,0,,False,eu_500
8912751210,3,121189520,38,0,35.0,False,eu_500
8912751210,4,156267091,128,0,25.0,False,eu_500
8912751210,128,1530374230,7,0,31.0,False,eu_500
8912751210,129,898373565,12,0,31.0,False,eu_500
8912751210,130,92239413,35,0,34.0,False,eu_500
8912751210,131,170630684,50,0,,False,eu_500
8912751210,132,903979651,105,0,24.0,False,eu_500
8912751215,0,378217129,12,1,25.0,False,eu_500
8912751215,1,137099981,104,0,24.0,False,eu_500
8912751215,2,188644629,6,0,23.0,False,eu_500
8912751215,3,220240385,30,0,15.0,False,eu_500
8912751215,4,444435923,57,0,15.0,False,eu_500
8912751215,128,376655858,8,0,23.0,False,eu_500
8912751215,129,1317649041,81,0,15.0,False,eu_500
8912751215,130,1340243585,74,0,15.0,False,eu_500
8912751215,131,1404753613,100,0,25.0,False,eu_500
8912751215,132,956429861,31,0,23.0,False,eu_500
8912751228,0,363371375,19,0,63.0,False,eu_500
8912751228,1,1462690326,38,0,62.0,False,eu_500
8912751228,2,329173839,138,0,52.0,False,eu_500
8912751228,3,136996829,22,0,62.0,False,eu_500
8912751228,4,457099859,57,0,71.0,False,eu_500
8912751228,128,242783636,28,0,63.0,False,eu_500
8912751228,129,211534187,36,0,65.0,False,eu_500
8912751228,130,1400787837,20,0,62.0,False,eu_500
8912751228,131,123202622,101,0,65.0,False,eu_500
8912751228,132,1031125608,21,0,55.0,False,eu_500
8912751230,0,1107963067,2,0,41.0,False,eu_500
8912751230,1,334422478,112,0,62.0,False,eu_500
8912751230,2,1674050505,74,0,71.0,False,eu_500
8912751230,3,917922761,11,0,42.0,False,eu_500
8912751230,4,454306186,86,0,62.0,False,eu_500
8912751230,128,473877524,108,0,65.0,False,eu_500
8912751230,129,1109632862,46,0,54.0,False,eu_500
8912751230,130,1389897305,27,0,34.0,False,eu_500
8912751230,131,1062653173,76,0,44.0,False,eu_500
8912751230,132,1123291979,121,0,65.0,False,eu_500
8912751231,0,211186226,11,0,62.0,False,eu_500
8912751231,1,1047206268,27,0,45.0,False,eu_500
8912751231,2,357407817,41,0,65.0,False,eu_500
8912751231,3,200553373,20,0,52.0,False,eu_500
8912751231,4,48074892,45,0,52.0,False,eu_500
8912751231,128,1881157033,12,0,,False,eu_500
8912751231,129,454789347,113,0,72.0,False,eu_500
8912751231,130,488959991,7,0,42.0,False,eu_500
8912751231,131,162459650,22,0,73.0,False,eu_500
8912751231,132,344531788,71,0,53.0,False,eu_500
8912751258,0,254326333,37,0,72.0,False,eu_500
8912751258,1,1806818260,31,0,71.0,False,eu_500
8912751258,2,1171921351,14,0,74.0,False,eu_500
8912751258,3,125550285,137,0,73.0,False,eu_500
8912751258,4,1722305115,93,0,73.0,False,eu_500
8912751258,128,292927754,107,0,73.0,False,eu_500
8912751258,129,91280444,98,0,72.0,False,eu_500
8912751258,130,1094133710,70,1,73.0,False,eu_500
8912751258,131,381426982,128,0,73.0,False,eu_500
8912751258,132,121566289,71,0,74.0,False,eu_500
8912751274,0,1216365699,47,0,,False,eu_500
8912751274,1,1855498204,43,0,12.0,False,eu_500
8912751274,2,899762669,30,0,12.0,False,eu_500
8912751274,3,1324657093,26,0,12.0,False,eu_500
8912751274,4,1425786931,6,0,15.0,False,eu_500
8912751274,128,1149821611,71,0,,False,eu_500
8912751274,129,1252816997,89,0,12.0,False,eu_500
8912751274,130,853769778,76,0,22.0,False,eu_500
8912751274,131,1293679081,36,0,14.0,False,eu_500
8912751274,132,1829035693,64,0,21.0,False,eu_500
8912751279,0,1064777736,128,0,53.0,False,eu_500
8912751279,1,1086155429,85,0,52.0,False,eu_500
8912751279,2,376660258,42,0,53.0,False,eu_500
8912751279,3,387252898,76,0,41.0,False,eu_500
8912751279,4,73331128,27,0,54.0,False,eu_500
8912751279,128,188579771,71,0,54.0,False,eu_500
8912751279,129,373432176,26,0,54.0,False,eu_500
8912751279,130,318715915,25,0,45.0,False,eu_500
8912751279,131,125828241,6,0,55.0,False,eu_500
8912751279,132,1060042082,36,0,55.0,False,eu_500
8912751290,0,1445511052,25,0,15.0,False,eu_500
8912751290,1,1624243994,55,0,15.0,False,eu_500
8912751290,2,1194675311,104,0,15.0,False,eu_500
8912751290,3,1038527759,8,0,21.0,False,eu_500
8912751290,4,1833910745,31,0,,False,eu_500
8912751290,128,1268624586,44,0,14.0,False,eu_500
8912751290,129,1739846553,87,0,15.0,False,eu_500
8912751290,130,146124063,81,0,15.0,False,eu_500
8912751290,131,127956612,20,0,13.0,False,eu_500
8912751290,132,201259809,14,0,21.0,False,eu_500
8912751294,0,423055756,84,0,44.0,False,eu_500
8912751294,1,155022666,26,0,45.0,False,eu_500
8912751294,2,1021557902,29,0,54.0,False,eu_500
8912751294,3,1160606300,48,0,51.0,False,eu_500
8912751294,4,1022653800,88,0,61.0,False,eu_500
8912751294,128,1297644956,1,0,53.0,False,eu_500
8912751294,129,1270327103,99,0,54.0,False,eu_500
8912751294,130,157072000,128,0,63.0,False,eu_500
8912751294,131,134075394,51,0,51.0,False,eu_500
8912751294,132,811466849,9,0,44.0,False,eu_500
8912751302,0,204618039,104,0,80.0,False,eu_500
8912751302,1,86941706,36,0,80.0,False,eu_500
8912751302,2,60514885,14,0,80.0,False,eu_500
8912751302,3,386379737,67,1,80.0,False,eu_500
8912751302,4,956485178,119,0,80.0,False,eu_500
8912751302,128,842483342,121,0,80.0,False,eu_500
8912751302,129,1116758844,8,0,80.0,False,eu_500
8912751302,130,1081159917,97,0,80.0,False,eu_500
8912751302,131,8661139,9,0,80.0,False,eu_500
8912751302,132,1073938444,11,0,80.0,False,eu_500
8912751304,0,1609018576,8,0,62.0,False,eu_500
8912751304,1,838929012,11,0,63.0,False,eu_500
8912751304,2,180583624,36,0,55.0,False,eu_500
8912751304,3,1094005605,37,0,62.0,False,eu_500
8912751304,4,230318629,53,0,61.0,False,eu_500
8912751304,128,92796572,2,0,62.0,False,eu_500
8912751304,129,350094035,5,0,62.0,False,eu_500
8912751304,130,818795751,28,0,55.0,False,eu_500
8912751304,131,1004086812,74,1,63.0,False,eu_500
8912751304,132,870639639,12,0,62.0,False,eu_500
8912751307,0,123005138,114,0,62.0,False,eu_500
8912751307,1,1014658503,71,0,51.0,False,eu_500
8912751307,2,1184622845,86,0,63.0,False,eu_500
8912751307,3,390492765,50,1,51.0,False,eu_500
8912751307,4,236812377,98,0,55.0,False,eu_500
8912751307,128,38678653,2,0,55.0,False,eu_500
8912751307,129,148821179,22,0,61.0,False,eu_500
8912751307,130,84574926,101,0,55.0,False,eu_500
8912751307,131,414628029,107,0,55.0,False,eu_500
8912751307,132,1060671033,6,0,53.0,False,eu_500
8912751312,0,112101518,51,0,42.0,False,eu_500
8912751312,1,369387663,30,0,33.0,False,eu_500
8912751312,2,281329630,42,0,42.0,False,eu_500
8912751312,3,871005143,56,0,42.0,False,eu_500
8912751312,4,1111920907,44,1,43.0,False,eu_500
8912751312,128,1290820322,1,0,42.0,False,eu_500
8912751312,129,58784931,68,0,23.0,False,eu_500
8912751312,130,772872019,34,0,42.0,False,eu_500
8912751312,131,1088436444,71,0,,False,eu_500
8912751312,132,1527096409,86,0,43.0,False,eu_500
8912751319,0,138132949,5,0,35.0,False,eu_500
8912751319,1,829328239,48,0,35.0,False,eu_500
8912751319,2,1223480896,11,0,35.0,False,eu_500
8912751319,3,792910261,19,0,33.0,False,eu_500
8912751319,4,218046831,110,0,43.0,False,eu_500
8912751319,128,895143912,85,0,31.0,False,eu_500
8912751319,129,1239809164,7,0,44.0,False,eu_500
8912751319,130,395922972,30,0,32.0,False,eu_500
8912751319,131,1282220355,94,0,33.0,False,eu_500
8912751319,132,1818869847,34,0,25.0,False,eu_500
8912751321,0,114145091,106,0,80.0,False,eu_500
8912751321,1,110774237,22,0,80.0,False,eu_500
8912751321,2,1005612648,135,0,80.0,False,eu_500
8912751321,3,104391369,53,0,80.0,False,eu_500
8912751321,4,1075488222,67,0,80.0,False,eu_500
8912751321,128,824547262,4,0,80.0,False,eu_500
8912751321,129,62105514,100,0,80.0,False,eu_500
8912751321,130,367483448,39,1,80.0,False,eu_500
8912751321,131,794503233,86,0,80.0,False,eu_500
8912751321,132,84353665,7,1,80.0,False,eu_500
8912751339,0,1044972577,47,0,80.0,False,eu_500
8912751339,1,212037358,3,0,80.0,False,eu_500
8912751339,2,188688583,50,0,80.0,False,eu_500
8912751339,3,144335120,23,0,80.0,False,eu_500
8912751339,4,126495474,145,0,80.0,False,eu_500
8912751339,128,1697167321,54,0,80.0,False,eu_500
8912751339,129,116037104,72,0,80.0,False,eu_500
8912751339,130,67090386,98,0,80.0,False,eu_500
8912751339,131,272309360,87,0,80.0,False,eu_500
8912751339,132,402749605,59,0,80.0,False,eu_500
8912751354,0,959700527,73,0,24.0,False,eu_500
8912751354,1,1611698813,86,0,21.0,False,eu_500
8912751354,2,378229254,68,0,25.0,False,eu_500
8912751354,3,1688331232,69,0,23.0,False,eu_500
8912751354,4,166514189,18,0,24.0,False,eu_500
8912751354,128,179206211,27,0,32.0,False,eu_500
8912751354,129,138342758,70,0,31.0,False,eu_500
8912751354,130,367275319,50,0,33.0,False,eu_500
8912751354,131,16515946,104,0,25.0,False,eu_500
8912751354,132,84672569,63,0,23.0,False,eu_500
8912751358,0,93195155,45,0,53.0,False,eu_500
8912751358,1,299437271,84,1,62.0,False,eu_500
8912751358,2,117574956,85,0,61.0,False,eu_500
8912751358,3,334893710,6,0,65.0,False,eu_500
8912751358,4,1247899180,64,0,55.0,False,eu_500
8912751358,128,123936198,102,0,63.0,False,eu_500
8912751358,129,1690304493,19,0,65.0,False,eu_500
8912751358,130,161546673,100,0,54.0,False,eu_500
8912751358,131,1573346638,128,0,54.0,False,eu_500
8912751358,132,1097346959,74,0,61.0,False,eu_500
8912751373,0,493909245,36,0,31.0,False,eu_500
8912751373,1,287420594,137,0,63.0,False,eu_500
8912751373,2,446922892,64,0,54.0,False,eu_500
8912751373,3,812919699,113,0,25.0,False,eu_500
8912751373,4,309109277,93,0,42.0,False,eu_500
8912751373,128,1603134991,54,0,53.0,False,eu_500
8912751373,129,1217245637,34,0,35.0,False,eu_500
8912751373,130,1042093190,2,1,35.0,False,eu_500
8912751373,131,996392352,40,0,62.0,False,eu_500
8912751373,132,65395938,27,1,,False,eu_500
8912751384,0,1277376864,102,0,31.0,False,eu_500
8912751384,1,1151607789,105,0,25.0,False,eu_500
8912751384,2,927307280,44,0,15.0,False,eu_500
8912751384,3,1618495453,30,0,13.0,False,eu_500
8912751384,4,384658499,20,0,23.0,False,eu_500
8912751384,128,1646981377,74,0,31.0,False,eu_500
8912751384,129,114419390,26,0,22.0,False,eu_500
8912751384,130,1025776343,84,0,22.0,False,eu_500
8912751384,131,1017195430,83,0,31.0,False,eu_500
8912751384,132,1703768462,6,0,25.0,False,eu_500
8912751393,0,339515232,28,0,41.0,False,eu_500
8912751393,1,1099907768,105,0,31.0,False,eu_500
8912751393,2,1838250656,34,0,43.0,False,eu_500
8912751393,3,452865139,89,0,41.0,False,eu_500
8912751393,4,745591236,33,0,44.0,False,eu_500
8912751393,128,251265304,72,0,42.0,False,eu_500
8912751393,129,255116255,14,0,41.0,False,eu_500
8912751393,130,75580698,1,0,43.0,False,eu_500
8912751393,131,865687215,25,0,45.0,False,eu_500
8912751393,132,1627708692,26,0,34.0,False,eu_500
8912751434,0,319582267,67,0,64.0,False,eu_500
8912751434,1,181137946,83,0,64.0,False,eu_500
8912751434,2,155156792,37,0,64.0,False,eu_500
8912751434,3,969881028,25,0,65.0,False,eu_500
8912751434,4,37260599,29,1,65.0,False,eu_500
8912751434,128,844881020,73,0,64.0,False,eu_500
8912751434,129,205921528,54,0,63.0,False,eu_500
8912751434,130,345723607,76,0,71.0,False,eu_500
8912751434,131,41790473,30,0,63.0,False,eu_500
8912751434,132,115841119,108,0,64.0,False,eu_500
8912751438,0,1622456100,12,0,80.0,False,eu_500
8912751438,1,1583211954,126,0,43.0,False,eu_500
8912751438,2,1230896820,121,0,53.0,False,eu_500
8912751438,3,1486228434,33,0,51.0,False,eu_500
8912751438,4,1600140388,14,0,74.0,False,eu_500
8912751438,128,828174214,155,0,64.0,False,eu_500
8912751438,129,185574855,106,0,62.0,False,eu_500
8912751438,130,1256951,67,0,65.0,False,eu_500
8912751438,131,161292793,55,0,53.0,False,eu_500
8912751438,132,230812705,111,0,71.0,False,eu_500
8912751441,0,182641347,110,0,53.0,False,eu_500
8912751441,1,15739651,81,0,52.0,False,eu_500
8912751441,2,435499685,112,0,52.0,False,eu_500
8912751441,3,597928034,86,0,45.0,False,eu_500
8912751441,4,97761911,41,0,54.0,False,eu_500
8912751441,128,889514310,101,0,52.0,False,eu_500
8912751441,129,745365119,104,0,43.0,False,eu_500
8912751441,130,1133607470,123,0,53.0,False,eu_500
8912751441,131,131944657,71,0,52.0,False,eu_500
8912751441,132,342454005,8,0,52.0,False,eu_500
8912751450,0,249858896,20,0,65.0,False,eu_500
8912751450,1,228585918,85,0,63.0,False,eu_500
8912751450,2,1235042223,98,0,62.0,False,eu_500
8912751450,3,1110868803,68,0,54.0,False,eu_500
8912751450,4,203571218,23,1,52.0,False,eu_500
8912751450,128,417078813,15,0,61.0,False,eu_500
8912751450,129,824044076,82,0,41.0,False,eu_500
8912751450,130,102322460,28,0,64.0,False,eu_500
8912751450,131,86811181,121,0,54.0,False,eu_500
8912751450,132,904465332,71,0,64.0,False,eu_500
8912751452,0,156628624,86,0,33.0,False,eu_500
8912751452,1,172383808,96,0,31.0,False,eu_500
8912751452,2,348607832,85,0,32.0,False,eu_500
8912751452,3,979044190,126,0,24.0,False,eu_500
8912751452,4,1720724733,48,0,15.0,False,eu_500
8912751452,128,84845355,74,0,32.0,False,eu_500
8912751452,129,769091621,11,0,32.0,False,eu_500
8912751452,130,796822677,1,0,,False,eu_500
8912751452,131,157334675,2,0,32.0,False,eu_500
8912751452,132,1605545952,20,0,15.0,False,eu_500
8912751468,0,1142307300,34,0,,False,eu_500
8912751468,1,851047117,60,0,33.0,False,eu_500
8912751468,2,1875331997,1,0,34.0,False,eu_500
8912751468,3,796363775,105,0,22.0,False,eu_500
8912751468,4,1425508537,21,0,23.0,False,eu_500
8912751468,128,737679869,39,0,,False,eu_500
8912751468,129,363949724,94,0,,False,eu_500
8912751468,130,1849470473,13,0,31.0,False,eu_500
8912751468,131,1203040868,97,0,41.0,False,eu_500
8912751468,132,225568419,135,0,41.0,False,eu_500
8912751474,0,970144858,37,0,14.0,False,eu_500
8912751474,1,192714625,35,0,14.0,False,eu_500
8912751474,2,1279759336,12,0,13.0,False,eu_500
8912751474,3,827368106,2,0,14.0,False,eu_500
8912751474,4,1690436429,123,0,,False,eu_500
8912751474,128,777601179,27,0,,False,eu_500
8912751474,129,1568765346,48,0,12.0,False,eu_500
8912751474,130,121400350,36,0,14.0,False,eu_500
8912751474,131,107900344,83,0,14.0,False,eu_500
8912751474,132,1517287480,98,0,,False,eu_500
8912751487,0,100005170,99,0,22.0,False,eu_500
8912751487,1,1821522321,74,0,21.0,False,eu_500
8912751487,2,839585304,123,0,14.0,False,eu_500
8912751487,3,226349651,21,0,22.0,False,eu_500
8912751487,4,1170769516,109,0,21.0,False,eu_500
8912751487,128,230035075,30,0,14.0,False,eu_500
8912751487,129,1037216540,41,0,22.0,False,eu_500
8912751487,130,178029424,28,0,23.0,False,eu_500
8912751487,131,188361885,17,0,14.0,False,eu_500
8912751487,132,848348265,22,0,22.0,False,eu_500
8912751491,0,161572051,128,0,73.0,False,eu_500
8912751491,1,295557838,110,0,73.0,False,eu_500
8912751491,2,161279974,46,0,71.0,False,eu_500
8912751491,3,474550022,14,0,64.0,False,eu_500
8912751491,4,1084149618,107,0,73.0,False,eu_500
8912751491,128,312832855,25,0,73.0,False,eu_500
8912751491,129,177129756,105,0,72.0,False,eu_500
8912751491,130,841117725,135,0,74.0,False,eu_500
8912751491,131,1775607171,54,0,61.0,False,eu_500
8912751491,132,1231014471,100,0,75.0,False,eu_500
8912751498,0,120375740,35,0,42.0,False,eu_500
8912751498,1,130828261,19,0,24.0,False,eu_500
8912751498,2,407567642,104,0,43.0,False,eu_500
8912751498,3,1011261885,26,0,44.0,False,eu_500
8912751498,4,806165784,44,0,43.0,False,eu_500
8912751498,128,1055255257,90,0,43.0,False,eu_500
8912751498,129,130096927,15,0,44.0,False,eu_500
8912751498,130,1405496760,128,0,43.0,False,eu_500
8912751498,131,70203058,108,1,42.0,False,eu_500
8912751498,132,1237320825,27,0,34.0,False,eu_500
8912751511,0,296904712,87,0,73.0,False,eu_500
8912751511,1,113529257,35,0,73.0,False,eu_500
8912751511,2,391440697,86,0,72.0,False,eu_500
8912751511,3,84057676,75,0,72.0,False,eu_500
8912751511,4,253606136,81,0,72.0,False,eu_500
8912751511,128,118970585,138,0,73.0,False,eu_500
8912751511,129,1267678584,25,0,74.0,False,eu_500
8912751511,130,152992621,30,0,73.0,False,eu_500
8912751511,131,975721210,128,0,73.0,False,eu_500
8912751511,132,874721868,51,0,73.0,False,eu_500
8912751517,0,1511293945,113,0,13.0,False,eu_500
8912751517,1,1359075178,46,0,24.0,False,eu_500
8912751517,2,1767145877,27,0,15.0,False,eu_500
8912751517,3,1463032426,22,0,23.0,False,eu_500
8912751517,4,1517297707,97,0,15.0,False,eu_500
8912751517,128,1062940958,14,0,14.0,False,eu_500
8912751517,129,382398306,86,0,13.0,False,eu_500
8912751517,130,479438026,28,0,14.0,False,eu_500
8912751517,131,805523834,6,0,14.0,False,eu_500
8912751517,132,1891131175,85,0,14.0,False,eu_500
8912751521,0,1040888602,47,0,,False,eu_500
8912751521,1,1608498423,67,0,15.0,False,eu_500
8912751521,2,384083726,112,0,,False,eu_500
8912751521,3,186784201,23,0,23.0,False,eu_500
8912751521,4,87816049,26,0,23.0,False,eu_500
8912751521,128,119367626,46,0,23.0,False,eu_500
8912751521,129,1467291562,129,0,21.0,False,eu_500
8912751521,130,1442862399,18,0,21.0,False,eu_500
8912751521,131,1842975515,43,0,31.0,False,eu_500
8912751521,132,1097265583,37,0,22.0,False,eu_500
8912751534,0,1930200351,74,0,23.0,False,eu_500
8912751534,1,122810248,5,0,34.0,False,eu_500
8912751534,2,1855983568,41,0,23.0,False,eu_500
8912751534,3,844840186,137,0,32.0,False,eu_500
8912751534,4,254386445,22,0,,False,eu_500
8912751534,128,1540596364,12,0,24.0,False,eu_500
8912751534,129,1918395615,34,0,33.0,False,eu_500
8912751534,130,163220023,83,0,25.0,False,eu_500
8912751534,131,1716690676,90,0,41.0,False,eu_500
8912751534,132,1549427287,29,0,21.0,False,eu_500
8912751540,0,1025383807,88,0,,False,eu_500
8912751540,1,108943667,106,0,64.0,False,eu_500
8912751540,2,1267622044,42,0,62.0,False,eu_500
8912751540,3,1839331864,85,0,42.0,False,eu_500
8912751540,4,1690345548,109,0,41.0,False,eu_500
8912751540,128,435355131,14,0,65.0,False,eu_500
8912751540,129,194903079,46,0,41.0,False,eu_500
8912751540,130,183571720,15,0,54.0,False,eu_500
8912751540,131,1022180282,26,0,33.0,False,eu_500
8912751540,132,395123833,19,0,63.0,False,eu_500
8912751541,0,1843200270,12,0,,False,eu_500
8912751541,1,1129606576,105,0,13.0,False,eu_500
8912751541,2,93716852,42,0,24.0,False,eu_500
8912751541,3,202043856,46,0,33.0,False,eu_500
8912751541,4,1164868058,20,0,25.0,False,eu_500
8912751541,128,1851560046,6,0,12.0,False,eu_500
8912751541,129,1891726110,74,0,14.0,False,eu_500
8912751541,130,1690092570,85,0,24.0,False,eu_500
8912751541,131,300029387,104,0,25.0,False,eu_500
8912751541,132,390771746,14,0,,False,eu_500
8912751550,0,1061695121,7,0,43.0,False,eu_500
8912751550,1,150199625,2,0,44.0,False,eu_500
8912751550,2,1922259667,6,0,35.0,False,eu_500
8912751550,3,995201961,71,0,42.0,False,eu_500
8912751550,4,1261508184,20,0,43.0,False,eu_500
8912751550,128,91527826,108,0,42.0,False,eu_500
8912751550,129,276820400,100,0,44.0,False,eu_500
8912751550,130,74972306,86,0,44.0,False,eu_500
8912751550,131,1487519622,41,1,42.0,False,eu_500
8912751550,132,296965225,30,0,31.0,False,eu_500
8912751552,0,1132569725,106,1,35.0,False,eu_500
8912751552,1,1536538907,2,1,44.0,False,eu_500
8912751552,2,803996845,12,0,34.0,False,eu_500
8912751552,3,1131865185,110,0,44.0,False,eu_500
8912751552,4,196624112,9,0,45.0,False,eu_500
8912751552,128,1206535693,30,0,44.0,False,eu_500
8912751552,129,1281127161,46,0,45.0,False,eu_500
8912751552,130,1271663682,7,0,34.0,False,eu_500
8912751552,131,904577598,50,0,51.0,False,eu_500
8912751552,132,1920045413,105,0,44.0,False,eu_500
8912751558,0,1042247207,81,0,41.0,False,eu_500
8912751558,1,271339108,14,0,34.0,False,eu_500
8912751558,2,49270715,86,0,31.0,False,eu_500
8912751558,3,1736614328,56,0,31.0,False,eu_500
8912751558,4,1525520508,83,0,35.0,False,eu_500
8912751558,128,809858263,145,0,33.0,False,eu_500
8912751558,129,1609030944,36,0,43.0,False,eu_500
8912751558,130,1445790450,104,1,,False,eu_500
8912751558,131,1552105356,123,1,33.0,False,eu_500
8912751558,132,244894872,68,0,41.0,False,eu_500
8912751563,0,1110819353,44,0,34.0,False,eu_500
8912751563,1,114649995,123,0,35.0,False,eu_500
8912751563,2,1529366407,80,0,31.0,False,eu_500
8912751563,3,92129523,126,0,34.0,False,eu_500
8912751563,4,150587009,14,0,24.0,False,eu_500
8912751563,128,1036472018,74,0,35.0,False,eu_500
8912751563,129,52160467,41,0,35.0,False,eu_500
8912751563,130,294809129,128,0,34.0,False,eu_500
8912751563,131,1137123990,71,0,35.0,False,eu_500
8912751563,132,155566481,26,0,32.0,False,eu_500
8912751580,0,234791667,81,0,52.0,False,eu_500
8912751580,1,150520128,93,0,52.0,False,eu_500
8912751580,2,136033546,105,0,,False,eu_500
8912751580,3,1566751676,17,0,32.0,False,eu_500
8912751580,4,1105316768,107,1,,False,eu_500
8912751580,128,1065604182,3,0,52.0,False,eu_500
8912751580,129,346453706,14,0,41.0,False,eu_500
8912751580,130,186863603,39,0,52.0,False,eu_500
8912751580,131,1708147567,48,0,52.0,False,eu_500
8912751580,132,149923121,53,0,52.0,False,eu_500
8912751582,0,1279141824,105,0,15.0,False,eu_500
8912751582,1,1407584740,13,0,25.0,False,eu_500
8912751582,2,113396225,64,0,24.0,False,eu_500
8912751582,3,1692246184,42,0,23.0,False,eu_500
8912751582,4,1873842524,12,0,15.0,False,eu_500
8912751582,128,1507309475,84,0,15.0,False,eu_500
8912751582,129,1435435838,75,0,23.0,False,eu_500
8912751582,130,806925581,48,0,,False,eu_500
8912751582,131,388132778,41,0,22.0,False,eu_500
8912751582,132,1612686264,114,0,22.0,False,eu_500
8912751583,0,1679213943,20,0,,False,eu_500
8912751583,1,1682632028,126,0,,False,eu_500
8912751583,2,1660512366,83,0,,False,eu_500
8912751583,3,1693581361,103,0,,False,eu_500
8912751583,4,1694379156,57,0,,False,eu_500
8912751583,128,1321557309,2,0,51.0,False,eu_500
8912751583,129,1084850384,128,0,44.0,False,eu_500
8912751583,130,1051839724,8,0,35.0,False,eu_500
8912751583,131,1037223459,26,0,42.0,False,eu_500
8912751583,132,1848809264,71,0,42.0,False,eu_500
8912751584,0,1644414597,21,0,13.0,False,eu_500
8912751584,1,1209278758,20,0,42.0,False,eu_500
8912751584,2,1506665155,95,0,33.0,False,eu_500
8912751584,3,1782848403,7,0,32.0,False,eu_500
8912751584,4,1779922034,104,0,13.0,False,eu_500
8912751584,128,1517492133,79,0,12.0,False,eu_500
8912751584,129,1484464515,78,0,24.0,False,eu_500
8912751584,130,1483868775,12,0,35.0,False,eu_500
8912751584,131,1019738556,25,0,43.0,False,eu_500
8912751584,132,1652416358,26,0,15.0,False,eu_500
8912751585,0,493484814,97,0,54.0,False,eu_500
8912751585,1,1796773233,77,0,54.0,False,eu_500
8912751585,2,1099689274,105,0,51.0,False,eu_500
8912751585,3,1061053804,110,0,43.0,False,eu_500
8912751585,4,230334291,48,0,53.0,False,eu_500
8912751585,128,1576777419,55,0,52.0,False,eu_500
8912751585,129,1006815499,7,0,45.0,False,eu_500
8912751585,130,1136464920,37,0,51.0,False,eu_500
8912751585,131,1013384497,20,0,53.0,False,eu_500
8912751585,132,1574506839,70,0,41.0,False,eu_500
8912751589,0,1139654189,14,0,,False,eu_500
8912751589,1,1254288029,11,0,42.0,False,eu_500
8912751589,2,396390593,109,0,51.0,False,eu_500
8912751589,3,122475796,74,0,51.0,False,eu_500
8912751589,4,854376059,42,0,51.0,False,eu_500
8912751589,128,124384562,12,0,43.0,False,eu_500
8912751589,129,149325846,20,0,42.0,False,eu_500
8912751589,130,130358651,2,0,51.0,False,eu_500
8912751589,131,193192919,26,0,45.0,False,eu_500
8912751589,132,336807237,17,0,51.0,False,eu_500
8912751608,0,817234715,67,0,24.0,False,eu_500
8912751608,1,416867491,107,0,31.0,False,eu_500
8912751608,2,1610399004,26,0,23.0,False,eu_500
8912751608,3,1538283758,36,0,32.0,False,eu_500
8912751608,4,287996050,87,0,31.0,False,eu_500
8912751608,128,913500733,101,0,,False,eu_500
8912751608,129,834655601,65,0,23.0,False,eu_500
8912751608,130,1815622848,29,0,33.0,False,eu_500
8912751608,131,732902377,54,0,,False,eu_500
8912751608,132,1445176706,39,0,24.0,False,eu_500
8912751610,0,93333856,22,0,43.0,False,eu_500
8912751610,1,1172001532,85,0,44.0,False,eu_500
8912751610,2,257714427,29,0,42.0,False,eu_500
8912751610,3,209125412,67,0,52.0,False,eu_500
8912751610,4,118713548,26,0,32.0,False,eu_500
8912751610,128,432905111,128,0,41.0,False,eu_500
8912751610,129,139944580,9,0,34.0,False,eu_500
8912751610,130,179715963,12,0,33.0,False,eu_500
8912751610,131,1072610209,30,0,44.0,False,eu_500
8912751610,132,10558935,14,0,44.0,False,eu_500
8912751618,0,1189252065,5,0,25.0,False,eu_500
8912751618,1,117322435,84,0,51.0,False,eu_500
8912751618,2,422131750,44,0,45.0,False,eu_500
8912751618,3,899281672,62,0,44.0,False,eu_500
8912751618,4,1292481587,113,0,15.0,False,eu_500
8912751618,128,1455566013,25,0,11.0,False,eu_500
8912751618,129,1436970773,131,0,42.0,False,eu_500
8912751618,130,858119552,97,0,25.0,False,eu_500
8912751618,131,1178478243,86,0,35.0,False,eu_500
8912751618,132,1427231129,12,0,41.0,False,eu_500
8912751619,0,739101930,1,0,43.0,False,eu_500
8912751619,1,154114330,5,0,31.0,False,eu_500
8912751619,2,1894604726,128,0,41.0,False,eu_500
8912751619,3,1266253675,2,0,35.0,False,eu_500
8912751619,4,824677800,74,0,25.0,False,eu_500
8912751619,128,237125577,114,0,41.0,False,eu_500
8912751619,129,120665051,30,0,21.0,False,eu_500
8912751619,130,913069502,35,0,33.0,False,eu_500
8912751619,131,1611655735,96,0,34.0,False,eu_500
8912751619,132,293707843,70,0,33.0,False,eu_500
8912751630,0,445125304,9,0,41.0,False,eu_500
8912751630,1,97383922,35,0,53.0,False,eu_500
8912751630,2,181548964,44,0,52.0,False,eu_500
8912751630,3,363988447,2,0,53.0,False,eu_500
8912751630,4,188670847,128,0,52.0,False,eu_500
8912751630,128,86860309,56,0,53.0,False,eu_500
8912751630,129,427920747,26,0,53.0,False,eu_500
8912751630,130,1067242185,120,0,52.0,False,eu_500
8912751630,131,891505283,64,0,53.0,False,eu_500
8912751630,132,1678700733,42,0,52.0,False,eu_500
8912751654,0,382975358,69,0,54.0,False,eu_500
8912751654,1,737485322,35,0,,False,eu_500
8912751654,2,1747412965,36,0,,False,eu_500
8912751654,3,337906514,57,0,,False,eu_500
8912751654,4,777637340,23,0,,False,eu_500
8912751654,128,720353556,14,1,,False,eu_500
8912751654,129,1690518379,25,1,,False,eu_500
8912751654,130,831869146,84,0,,False,eu_500
8912751654,131,196911267,95,0,53.0,False,eu_500
8912751654,132,346027346,71,0,53.0,False,eu_500
8912751673,0,425977221,64,0,32.0,False,eu_500
8912751673,1,1696258495,74,0,43.0,False,eu_500
8912751673,2,1010312146,1,0,41.0,False,eu_500
8912751673,3,1282134312,86,0,,False,eu_500
8912751673,4,1563544049,35,0,35.0,False,eu_500
8912751673,128,250275808,11,0,12.0,False,eu_500
8912751673,129,1067017714,44,0,,False,eu_500
8912751673,130,414832020,84,0,43.0,False,eu_500
8912751673,131,126925589,5,0,43.0,False,eu_500
8912751673,132,1853546768,123,0,31.0,False,eu_500
8912751675,0,1079477943,86,0,14.0,False,eu_500
8912751675,1,1003567766,87,0,22.0,False,eu_500
8912751675,2,1056247046,2,0,22.0,False,eu_500
8912751675,3,1715283105,57,0,14.0,False,eu_500
8912751675,4,85010761,22,0,,False,eu_500
8912751675,128,326149600,39,0,22.0,False,eu_500
8912751675,129,21742729,108,0,22.0,False,eu_500
8912751675,130,1126974492,83,0,12.0,False,eu_500
8912751675,131,161641198,94,0,22.0,False,eu_500
8912751675,132,133412182,20,0,23.0,False,eu_500
8912751678,0,350309432,11,0,22.0,False,eu_500
8912751678,1,1180310255,101,0,22.0,False,eu_500
8912751678,2,748097096,145,0,24.0,False,eu_500
8912751678,3,100515868,81,0,31.0,False,eu_500
8912751678,4,478615491,114,0,23.0,False,eu_500
8912751678,128,1165978489,34,0,14.0,False,eu_500
8912751678,129,831286408,94,0,24.0,False,eu_500
8912751678,130,1281889176,40,0,,False,eu_500
8912751678,131,1315362136,135,0,,False,eu_500
8912751678,132,102025266,84,0,22.0,False,eu_500
8912751679,0,415175072,30,0,33.0,False,eu_500
8912751679,1,816903122,21,0,35.0,False,eu_500
8912751679,2,294293739,12,0,32.0,False,eu_500
8912751679,3,1534772781,50,0,25.0,False,eu_500
8912751679,4,232281201,99,0,42.0,False,eu_500
8912751679,128,1221881983,25,0,32.0,False,eu_500
8912751679,129,131666276,42,0,41.0,False,eu_500
8912751679,130,185900976,31,0,33.0,False,eu_500
8912751679,131,311947959,67,0,25.0,False,eu_500
8912751679,132,1529425522,22,0,,False,eu_500
8912751693,0,1136080808,87,0,65.0,False,eu_500
8912751693,1,834374349,61,0,64.0,False,eu_500
8912751693,2,912974995,6,0,64.0,False,eu_500
8912751693,3,1039320165,74,0,64.0,False,eu_500
8912751693,4,301781600,15,0,65.0,False,eu_500
8912751693,128,1200702151,35,0,55.0,False,eu_500
8912751693,129,1710853356,123,0,63.0,False,eu_500
8912751693,130,1790282335,86,0,52.0,False,eu_500
8912751693,131,308688913,97,0,65.0,False,eu_500
8912751693,132,353593695,42,0,72.0,False,eu_500
8912751694,0,1118817830,128,0,43.0,False,eu_500
8912751694,1,1266273780,7,0,15.0,False,eu_500
8912751694,2,833369049,48,0,42.0,False,eu_500
8912751694,3,1121434371,36,0,35.0,False,eu_500
8912751694,4,1054503954,101,0,21.0,False,eu_500
8912751694,128,1274601808,12,0,14.0,False,eu_500
8912751694,129,295280795,22,0,51.0,False,eu_500
8912751694,130,1125282666,100,0,51.0,False,eu_500
8912751694,131,960441300,66,0,41.0,False,eu_500
8912751694,132,1070029964,64,0,,False,eu_500
8912751709,0,1584443342,26,0,52.0,False,eu_500
8912751709,1,1169022466,7,0,25.0,False,eu_500
8912751709,2,1146415539,10,0,35.0,False,eu_500
8912751709,3,1723401549,135,0,,False,eu_500
8912751709,4,298203307,128,0,51.0,False,eu_500
8912751709,128,901480725,75,0,31.0,False,eu_500
8912751709,129,441324659,8,0,45.0,False,eu_500
8912751709,130,919035358,27,0,23.0,False,eu_500
8912751709,131,1113066004,84,0,44.0,False,eu_500
8912751709,132,1222252427,76,0,41.0,False,eu_500
8912751712,0,336962693,85,0,,False,eu_500
8912751712,1,471732927,68,0,,False,eu_500
8912751712,2,1000793593,30,0,25.0,False,eu_500
8912751712,3,1026457703,1,0,32.0,False,eu_500
8912751712,4,842494748,39,0,21.0,False,eu_500
8912751712,128,170201998,5,0,23.0,False,eu_500
8912751712,129,355941388,44,0,22.0,False,eu_500
8912751712,130,1015731995,21,0,15.0,False,eu_500
8912751712,131,1415987159,57,0,22.0,False,eu_500
8912751712,132,1823626464,64,0,31.0,False,eu_500
8912751733,0,314358925,75,0,,False,eu_500
8912751733,1,825064940,113,0,62.0,False,eu_500
8912751733,2,925792940,31,0,54.0,False,eu_500
8912751733,3,1891428390,6,0,63.0,False,eu_500
8912751733,4,1553586178,97,0,63.0,False,eu_500
8912751733,128,130597140,22,0,62.0,False,eu_500
8912751733,129,99618026,85,0,62.0,False,eu_500
8912751733,130,1249585384,20,0,62.0,False,eu_500
8912751733,131,97212992,14,0,65.0,False,eu_500
8912751733,132,877948640,11,0,61.0,False,eu_500
8912751747,0,1257606613,86,0,14.0,False,eu_500
8912751747,1,6221897,101,0,13.0,False,eu_500
8912751747,2,1837767704,2,0,14.0,False,eu_500
8912751747,3,1486397752,19,0,11.0,False,eu_500
8912751747,4,1485112549,36,0,12.0,False,eu_500
8912751747,128,221961438,14,0,14.0,False,eu_500
8912751747,129,32158534,87,0,13.0,False,eu_500
8912751747,130,1840850063,8,0,14.0,False,eu_500
8912751747,131,1072930747,57,0,13.0,False,eu_500
8912751747,132,1554264732,35,0,14.0,False,eu_500
8912751761,0,234958211,54,0,80.0,False,eu_500
8912751761,1,285119976,129,0,80.0,False,eu_500
8912751761,2,110657980,100,0,80.0,False,eu_500
8912751761,3,750965407,21,0,80.0,False,eu_500
8912751761,4,865195268,90,0,80.0,False,eu_500
8912751761,128,113699613,29,0,80.0,False,eu_500
8912751761,129,1710742902,48,0,80.0,False,eu_500
8912751761,130,840761555,110,0,80.0,False,eu_500
8912751761,131,139483319,128,0,80.0,False,eu_500
8912751761,132,202342011,114,0,80.0,False,eu_500
8912751764,0,223740583,36,1,61.0,False,eu_500
8912751764,1,1194726805,85,0,55.0,False,eu_500
8912751764,2,1126994572,8,0,54.0,False,eu_500
8912751764,3,162043288,26,0,55.0,False,eu_500
8912751764,4,169505671,75,0,55.0,False,eu_500
8912751764,128,774864315,56,0,55.0,False,eu_500
8912751764,129,107383450,50,0,55.0,False,eu_500
8912751764,130,805992262,65,0,,False,eu_500
8912751764,131,214179682,104,0,44.0,False,eu_500
8912751764,132,841494472,25,0,55.0,False,eu_500
8912751767,0,471743655,128,0,32.0,False,eu_500
8912751767,1,1083071697,11,0,31.0,False,eu_500
8912751767,2,1162226572,31,0,21.0,False,eu_500
8912751767,3,1139326486,20,0,22.0,False,eu_500
8912751767,4,197783803,71,0,,False,eu_500
8912751767,128,1130085375,27,0,31.0,False,eu_500
8912751767,129,154066973,18,0,,False,eu_500
8912751767,130,831565763,35,0,31.0,False,eu_500
8912751767,131,1030388944,47,1,24.0,False,eu_500
8912751767,132,1083187717,40,0,31.0,False,eu_500
8912751780,0,1845211029,51,0,23.0,False,eu_500
8912751780,1,1877161791,38,1,25.0,False,eu_500
8912751780,2,800717721,11,0,24.0,False,eu_500
8912751780,3,1428700451,50,0,23.0,False,eu_500
8912751780,4,1906510268,46,0,,False,eu_500
8912751780,128,126019225,63,0,31.0,False,eu_500
8912751780,129,1742407294,23,0,25.0,False,eu_500
8912751780,130,828656894,74,0,23.0,False,eu_500
8912751780,131,1691677749,85,0,24.0,False,eu_500
8912751780,132,1445550987,102,0,24.0,False,eu_500
8912751781,0,747947003,1,0,13.0,False,eu_500
8912751781,1,242869528,20,0,21.0,False,eu_500
8912751781,2,1600067096,27,0,22.0,False,eu_500
8912751781,3,1017024467,43,0,15.0,False,eu_500
8912751781,4,36009928,62,0,22.0,False,eu_500
8912751781,128,788834814,35,0,15.0,False,eu_500
8912751781,129,911823575,114,0,22.0,False,eu_500
8912751781,130,1175275201,79,0,21.0,False,eu_500
8912751781,131,1109428436,49,0,15.0,False,eu_500
8912751781,132,192797441,25,0,15.0,False,eu_500
8912751783,0,816011355,38,0,31.0,False,eu_500
8912751783,1,1125457944,20,0,31.0,False,eu_500
8912751783,2,123284189,85,0,21.0,False,eu_500
8912751783,3,40525449,87,0,25.0,False,eu_500
8912751783,4,129603451,5,0,,False,eu_500
8912751783,128,914272822,26,0,31.0,False,eu_500
8912751783,129,300200905,46,0,31.0,False,eu_500
8912751783,130,1684992481,126,0,22.0,False,eu_500
8912751783,131,1558738187,128,0,25.0,False,eu_500
8912751783,132,967283670,44,0,31.0,False,eu_500
8912751804,0,838531783,37,0,24.0,False,eu_500
8912751804,1,178940317,5,0,,False,eu_500
8912751804,2,822189597,97,0,21.0,False,eu_500
8912751804,3,1021524649,44,0,43.0,False,eu_500
8912751804,4,850136724,11,0,15.0,False,eu_500
8912751804,128,1384707123,52,0,21.0,False,eu_500
8912751804,129,968700260,23,0,23.0,False,eu_500
8912751804,130,381291733,86,0,,False,eu_500
8912751804,131,1293718192,1,0,13.0,False,eu_500
8912751804,132,1811186998,21,0,12.0,False,eu_500
8912751809,0,486446377,112,0,74.0,False,eu_500
8912751809,1,137970198,107,0,74.0,False,eu_500
8912751809,2,411139748,11,0,75.0,False,eu_500
8912751809,3,1622624616,36,0,75.0,False,eu_500
8912751809,4,145725944,90,0,74.0,False,eu_500
8912751809,128,300702965,6,0,74.0,False,eu_500
8912751809,129,1520752105,155,0,74.0,False,eu_500
8912751809,130,1134693437,71,0,74.0,False,eu_500
8912751809,131,871785000,33,0,75.0,False,eu_500
8912751809,132,163730956,22,0,74.0,False,eu_500
8912751819,0,1737422254,96,0,32.0,False,eu_500
8912751819,1,57262840,33,0,31.0,False,eu_500
8912751819,2,1483000432,61,0,25.0,False,eu_500
8912751819,3,1093513777,1,0,24.0,False,eu_500
8912751819,4,45699018,100,0,41.0,False,eu_500
8912751819,128,173911996,4,0,41.0,False,eu_500
8912751819,129,6064816,50,0,41.0,False,eu_500
8912751819,130,40706674,102,0,33.0,False,eu_500
8912751819,131,178835125,145,0,41.0,False,eu_500
8912751819,132,131539459,14,0,42.0,False,eu_500
8912751820,0,1429835335,85,0,52.0,False,eu_500
8912751820,1,1132541771,27,0,51.0,False,eu_500
8912751820,2,113955530,46,0,51.0,False,eu_500
8912751820,3,1154856243,35,0,52.0,False,eu_500
8912751820,4,1653103804,105,0,44.0,False,eu_500
8912751820,128,1682303065,90,0,45.0,False,eu_500
8912751820,129,1038080384,20,0,44.0,False,eu_500
8912751820,130,1592588734,1,0,51.0,False,eu_500
8912751820,131,81596282,11,0,51.0,False,eu_500
8912751820,132,105181269,126,0,51.0,False,eu_500
8912751824,0,513068,128,0,42.0,False,eu_500
8912751824,1,177862281,108,0,31.0,False,eu_500
8912751824,2,1243393460,86,0,43.0,False,eu_500
8912751824,3,951978059,45,0,12.0,False,eu_500
8912751824,4,196930738,8,0,44.0,False,eu_500
8912751824,128,105029025,96,0,44.0,False,eu_500
8912751824,129,134001189,67,0,44.0,False,eu_500
8912751824,130,173717825,85,0,35.0,False,eu_500
8912751824,131,123241368,5,0,44.0,False,eu_500
8912751824,132,122318711,25,0,35.0,False,eu_500
8912751831,0,26356682,86,0,63.0,False,eu_500
8912751831,1,153904702,21,0,64.0,False,eu_500
8912751831,2,870351052,34,0,63.0,False,eu_500
8912751831,3,1200239518,46,0,61.0,False,eu_500
8912751831,4,1261933375,110,0,71.0,False,eu_500
8912751831,128,1893706716,75,0,65.0,False,eu_500
8912751831,129,1893167406,128,0,71.0,False,eu_500
8912751831,130,116327200,26,0,63.0,False,eu_500
8912751831,131,1003833705,2,0,64.0,False,eu_500
8912751831,132,888362400,10,0,62.0,False,eu_500
8912751860,0,116082756,27,0,80.0,False,eu_500
8912751860,1,895650016,106,0,80.0,False,eu_500
8912751860,2,142149885,108,0,80.0,False,eu_500
8912751860,3,1236466488,54,0,80.0,False,eu_500
8912751860,4,352585150,123,0,80.0,False,eu_500
8912751860,128,882145107,76,0,80.0,False,eu_500
8912751860,129,113620602,2,0,80.0,False,eu_500
8912751860,130,910158204,30,0,80.0,False,eu_500
8912751860,131,39571006,131,0,80.0,False,eu_500
8912751860,132,1560532457,21,0,80.0,False,eu_500
8912751861,0,914247058,97,0,73.0,False,eu_500
8912751861,1,2123713,33,0,73.0,False,eu_500
8912751861,2,1048264505,8,0,73.0,False,eu_500
8912751861,3,1685693217,145,0,72.0,False,eu_500
8912751861,4,1256345128,26,0,73.0,False,eu_500
8912751861,128,230741421,35,0,65.0,False,eu_500
8912751861,129,1549129805,128,0,73.0,False,eu_500
8912751861,130,290986538,11,0,75.0,False,eu_500
8912751861,131,1046600006,60,0,74.0,False,eu_500
8912751861,132,374226737,84,0,73.0,False,eu_500
8912751865,0,1877120135,54,0,15.0,False,eu_500
8912751865,1,108039083,20,0,22.0,False,eu_500
8912751865,2,1911859137,59,0,21.0,False,eu_500
8912751865,3,95604795,2,0,23.0,False,eu_500
8912751865,4,837453813,25,0,25.0,False,eu_500
8912751865,128,160150903,31,0,24.0,False,eu_500
8912751865,129,1793899545,10,1,22.0,False,eu_500
8912751865,130,361447405,74,0,24.0,False,eu_500
8912751865,131,1286048827,34,0,23.0,False,eu_500
8912751865,132,1212891152,32,0,24.0,False,eu_500
8912751869,0,1482960155,42,0,22.0,False,eu_500
8912751869,1,1507794229,85,0,23.0,False,eu_500
8912751869,2,1847690726,67,0,25.0,False,eu_500
8912751869,3,1111629636,25,0,24.0,False,eu_500
8912751869,4,1112346739,121,0,21.0,False,eu_500
8912751869,128,11000120,23,0,25.0,False,eu_500
8912751869,129,160644563,18,0,24.0,False,eu_500
8912751869,130,1218513552,26,0,22.0,False,eu_500
8912751869,131,1217335020,11,0,31.0,False,eu_500
8912751869,132,1056849370,9,0,,False,eu_500
8912751878,0,145856791,119,0,41.0,False,eu_500
8912751878,1,276991972,104,0,42.0,False,eu_500
8912751878,2,371036966,48,0,41.0,False,eu_500
8912751878,3,1904142690,59,0,35.0,False,eu_500
8912751878,4,168583025,26,0,41.0,False,eu_500
8912751878,128,144789363,84,0,33.0,False,eu_500
8912751878,129,1137469134,60,0,41.0,False,eu_500
8912751878,130,1831774049,11,0,41.0,False,eu_500
8912751878,131,1276405329,72,0,35.0,False,eu_500
8912751878,132,244114357,121,0,,False,eu_500
8912751879,0,334851073,22,0,62.0,False,eu_500
8912751879,1,1160895019,138,0,63.0,False,eu_500
8912751879,2,169041006,20,0,62.0,False,eu_500
8912751879,3,863658576,85,0,63.0,False,eu_500
8912751879,4,1594308342,2,0,63.0,False,eu_500
8912751879,128,185507622,67,0,63.0,False,eu_500
8912751879,129,996175160,27,0,52.0,False,eu_500
8912751879,130,69597145,36,0,63.0,False,eu_500
8912751879,131,166230600,35,0,54.0,False,eu_500
8912751879,132,348543602,60,0,64.0,False,eu_500
8912751882,0,220088011,7,0,80.0,False,eu_500
8912751882,1,1270946154,18,0,80.0,False,eu_500
8912751882,2,1070480349,87,0,80.0,False,eu_500
8912751882,3,1838948059,97,0,80.0,False,eu_500
8912751882,4,137741316,105,0,80.0,False,eu_500
8912751882,128,392572883,74,0,80.0,False,eu_500
8912751882,129,91583632,86,0,80.0,False,eu_500
8912751882,130,134345434,3,0,63.0,False,eu_500
8912751882,131,311325752,20,0,80.0,False,eu_500
8912751882,132,1000397190,104,0,80.0,False,eu_500
8912751886,0,236199943,95,0,,False,eu_500
8912751886,1,1922668464,84,0,13.0,False,eu_500
8912751886,2,47840171,111,0,34.0,False,eu_500
8912751886,3,811323764,86,0,22.0,False,eu_500
8912751886,4,86249315,29,0,41.0,False,eu_500
8912751886,128,1040069940,12,0,44.0,False,eu_500
8912751886,129,1334578994,43,0,32.0,False,eu_500
8912751886,130,1273988432,107,0,33.0,False,eu_500
8912751886,131,919012734,74,0,44.0,False,eu_500
8912751886,132,1166930069,57,0,,False,eu_500
8912751890,0,229733885,37,0,43.0,False,eu_500
8912751890,1,1226902092,38,0,43.0,False,eu_500
8912751890,2,414637530,22,0,43.0,False,eu_500
8912751890,3,116914423,53,0,44.0,False,eu_500
8912751890,4,1183290082,10,1,43.0,False,eu_500
8912751890,128,433917715,70,0,44.0,False,eu_500
8912751890,129,1057824610,47,0,41.0,False,eu_500
8912751890,130,174361976,31,0,44.0,False,eu_500
8912751890,131,1219819970,2,0,23.0,False,eu_500
8912751890,132,865790480,73,0,44.0,False,eu_500
8912751903,0,884268868,26,0,43.0,False,eu_500
8912751903,1,127523513,98,0,43.0,False,eu_500
8912751903,2,1250670033,5,0,41.0,False,eu_500
8912751903,3,886624202,1,0,45.0,False,eu_500
8912751903,4,1081407114,21,0,35.0,False,eu_500
8912751903,128,193820254,93,0,45.0,False,eu_500
8912751903,129,1435115146,68,0,41.0,False,eu_500
8912751903,130,113748065,36,0,43.0,False,eu_500
8912751903,131,1424728785,53,0,32.0,False,eu_500
8912751903,132,1030869918,11,0,44.0,False,eu_500
8912751910,0,186605986,71,0,44.0,False,eu_500
8912751910,1,218999045,20,0,43.0,False,eu_500
8912751910,2,292483236,22,0,41.0,False,eu_500
8912751910,3,389837618,50,0,42.0,False,eu_500
8912751910,4,1118320526,77,0,42.0,False,eu_500
8912751910,128,190819651,113,0,25.0,False,eu_500
8912751910,129,474608203,8,0,44.0,False,eu_500
8912751910,130,1718161252,29,0,31.0,False,eu_500
8912751910,131,126658506,105,0,42.0,False,eu_500
8912751910,132,166762254,74,0,35.0,False,eu_500
8912751912,0,149491273,80,0,53.0,False,eu_500
8912751912,1,350676127,76,0,45.0,False,eu_500
8912751912,2,164511558,102,0,,False,eu_500
8912751912,3,84785400,120,0,73.0,False,eu_500
8912751912,4,69178820,31,0,42.0,False,eu_500
8912751912,128,123767159,128,0,63.0,False,eu_500
8912751912,129,251361215,123,0,45.0,False,eu_500
8912751912,130,999854802,25,0,71.0,False,eu_500
8912751912,131,405120473,47,0,43.0,False,eu_500
8912751912,132,31827554,64,0,44.0,False,eu_500
8912751922,0,1395815683,20,0,34.0,False,eu_500
8912751922,1,1219559079,81,0,35.0,False,eu_500
8912751922,2,172465018,64,0,35.0,False,eu_500
8912751922,3,1890630339,74,0,41.0,False,eu_500
8912751922,4,465501047,30,0,35.0,False,eu_500
8912751922,128,887815420,47,0,41.0,False,eu_500
8912751922,129,164283805,86,0,41.0,False,eu_500
8912751922,130,374822664,131,0,32.0,False,eu_500
8912751922,131,172855810,14,0,41.0,False,eu_500
8912751922,132,1106435695,11,0,41.0,False,eu_500
8912751954,0,1215847977,11,0,80.0,False,eu_500
8912751954,1,1160745784,32,0,80.0,False,eu_500
8912751954,2,1182817768,129,0,80.0,False,eu_500
8912751954,3,1194948319,21,0,80.0,False,eu_500
8912751954,4,1046333373,43,0,80.0,False,eu_500
8912751954,128,1234806489,4,0,80.0,False,eu_500
8912751954,129,204866441,20,0,80.0,False,eu_500
8912751954,130,1486987939,113,0,80.0,False,eu_500
8912751954,131,1102425757,63,0,80.0,False,eu_500
8912751954,132,112439348,74,0,80.0,False,eu_500
8912751974,0,1849022125,135,0,24.0,False,eu_500
8912751974,1,1307809677,123,0,43.0,False,eu_500
8912751974,2,1244202721,74,0,54.0,False,eu_500
8912751974,3,386247970,33,0,51.0,False,eu_500
8912751974,4,1485688830,35,0,52.0,False,eu_500
8912751974,128,1168744659,145,0,52.0,False,eu_500
8912751974,129,257030843,6,0,45.0,False,eu_500
8912751974,130,379732322,14,0,,False,eu_500
8912751974,131,71991261,100,0,55.0,False,eu_500
8912751974,132,1024927572,40,0,45.0,False,eu_500
8912751978,0,404189779,46,0,64.0,False,eu_500
8912751978,1,48914750,86,0,71.0,False,eu_500
8912751978,2,147331821,58,0,65.0,False,eu_500
8912751978,3,911363491,55,0,63.0,False,eu_500
8912751978,4,109352499,14,0,72.0,False,eu_500
8912751978,128,1235628503,12,0,63.0,False,eu_500
8912751978,129,1123967855,90,0,71.0,False,eu_500
8912751978,130,57086631,98,0,63.0,False,eu_500
8912751978,131,252323631,75,0,63.0,False,eu_500
8912751978,132,1213158823,22,0,65.0,False,eu_500
8912751981,0,356935893,41,0,21.0,False,eu_500
8912751981,1,178549098,32,0,23.0,False,eu_500
8912751981,2,1631998674,84,0,13.0,False,eu_500
8912751981,3,1304340005,11,0,22.0,False,eu_500
8912751981,4,197754975,14,0,21.0,False,eu_500
8912751981,128,251549839,30,0,22.0,False,eu_500
8912751981,129,155156123,35,0,15.0,False,eu_500
8912751981,130,147385766,31,0,15.0,False,eu_500
8912751981,131,257657687,135,0,23.0,False,eu_500
8912751981,132,848829176,114,0,23.0,False,eu_500
8912751990,0,1032221135,36,0,65.0,False,eu_500
8912751990,1,1674420292,25,0,42.0,False,eu_500
8912751990,2,1207067658,2,0,35.0,False,eu_500
8912751990,3,1029871191,29,0,42.0,False,eu_500
8912751990,4,1867250763,104,0,22.0,False,eu_500
8912751990,128,1559406570,44,0,61.0,False,eu_500
8912751990,129,1593702253,126,0,,False,eu_500
8912751990,130,1883743787,60,0,53.0,False,eu_500
8912751990,131,188110842,26,0,62.0,False,eu_500
8912751990,132,1879626325,112,0,32.0,False,eu_500
8912751994,0,1684043111,42,0,24.0,False,eu_500
8912751994,1,1611415404,2,0,24.0,False,eu_500
8912751994,2,912356898,85,0,21.0,False,eu_500
8912751994,3,1102090513,75,0,24.0,False,eu_500
8912751994,4,1587703541,74,0,24.0,False,eu_500
8912751994,128,1286203182,19,0,24.0,False,eu_500
8912751994,129,850412249,27,0,31.0,False,eu_500
8912751994,130,1525060264,44,0,24.0,False,eu_500
8912751994,131,1807436245,71,0,25.0,False,eu_500
8912751994,132,1518650045,76,0,31.0,False,eu_500
8912751998,0,976250474,48,0,41.0,False,eu_500
8912751998,1,1098210753,100,0,35.0,False,eu_500
8912751998,2,1249149137,35,0,33.0,False,eu_500
8912751998,3,1407698019,2,0,35.0,False,eu_500
8912751998,4,1540089975,88,0,33.0,False,eu_500
8912751998,128,1070590019,114,0,41.0,False,eu_500
8912751998,129,404194491,44,0,41.0,False,eu_500
8912751998,130,233571347,29,0,42.0,False,eu_500
8912751998,131,1548975203,11,0,25.0,False,eu_500
8912751998,132,178796377,58,0,41.0,False,eu_500
8912752008,0,1064694026,11,0,72.0,False,eu_500
8912752008,1,1211232889,107,0,72.0,False,eu_500
8912752008,2,1122614006,120,0,72.0,False,eu_500
8912752008,3,132086264,7,0,73.0,False,eu_500
8912752008,4,1173860656,31,0,64.0,False,eu_500
8912752008,128,1677511411,131,0,65.0,False,eu_500
8912752008,129,191902208,42,0,73.0,False,eu_500
8912752008,130,69688876,81,0,72.0,False,eu_500
8912752008,131,1901944348,65,0,72.0,False,eu_500
8912752008,132,205856474,25,0,72.0,False,eu_500
8912752009,0,179350677,8,0,80.0,False,eu_500
8912752009,1,253641641,111,0,35.0,False,eu_500
8912752009,2,841738751,131,0,73.0,False,eu_500
8912752009,3,442775279,2,0,80.0,False,eu_500
8912752009,4,113667540,76,0,75.0,False,eu_500
8912752009,128,360298452,107,0,75.0,False,eu_500
8912752009,129,168164475,26,0,80.0,False,eu_500
8912752009,130,315316880,97,0,80.0,False,eu_500
8912752009,131,129005678,20,0,75.0,False,eu_500
8912752009,132,130334851,110,0,75.0,False,eu_500
8912752018,0,1423377866,62,0,31.0,False,eu_500
8912752018,1,134152811,2,0,34.0,False,eu_500
8912752018,2,1599829416,105,0,33.0,False,eu_500
8912752018,3,1714480311,34,0,23.0,False,eu_500
8912752018,4,917924298,48,0,34.0,False,eu_500
8912752018,128,315608981,86,0,34.0,False,eu_500
8912752018,129,899725967,36,0,34.0,False,eu_500
8912752018,130,810736997,18,1,34.0,False,eu_500
8912752018,131,1162982150,26,0,25.0,False,eu_500
8912752018,132,764039270,25,0,24.0,False,eu_500
8912752019,0,46434853,30,0,21.0,False,eu_500
8912752019,1,1771539736,55,0,15.0,False,eu_500
8912752019,2,1529006000,109,0,22.0,False,eu_500
8912752019,3,1548253966,86,0,34.0,False,eu_500
8912752019,4,810105936,74,0,15.0,False,eu_500
8912752019,128,1830956535,10,0,43.0,False,eu_500
8912752019,129,1856278867,105,0,13.0,False,eu_500
8912752019,130,1808727607,13,0,22.0,False,eu_500
8912752019,131,1277948301,101,0,15.0,False,eu_500
8912752019,132,1852492565,104,0,34.0,False,eu_500
8912752037,0,1593217834,4,0,24.0,False,eu_500
8912752037,1,404920846,76,0,53.0,False,eu_500
8912752037,2,881755106,101,0,,False,eu_500
8912752037,3,437372323,28,0,63.0,False,eu_500
8912752037,4,846649444,86,0,44.0,False,eu_500
8912752037,128,114081641,6,0,61.0,False,eu_500
8912752037,129,131237209,59,0,43.0,False,eu_500
8912752037,130,912333256,100,0,34.0,False,eu_500
8912752037,131,1439693622,2,0,22.0,False,eu_500
8912752037,132,889485361,128,0,52.0,False,eu_500
8912752042,0,918985499,93,0,64.0,False,eu_500
8912752042,1,154270258,74,0,73.0,False,eu_500
8912752042,2,177222561,8,0,72.0,False,eu_500
8912752042,3,249390469,11,0,65.0,False,eu_500
8912752042,4,351289780,50,0,72.0,False,eu_500
8912752042,128,82431097,44,0,64.0,False,eu_500
8912752042,129,154039436,22,0,72.0,False,eu_500
8912752042,130,206447545,92,0,73.0,False,eu_500
8912752042,131,289755696,68,0,71.0,False,eu_500
8912752042,132,148570376,17,0,65.0,False,eu_500
8912752061,0,1093150287,16,0,,False,eu_500
8912752061,1,1138764646,100,0,32.0,False,eu_500
8912752061,2,122092812,7,0,31.0,False,eu_500
8912752061,3,1065056475,128,0,32.0,False,eu_500
8912752061,4,866481736,48,0,22.0,False,eu_500
8912752061,128,247207975,6,0,32.0,False,eu_500
8912752061,129,1139027285,14,0,32.0,False,eu_500
8912752061,130,109691374,26,0,32.0,False,eu_500
8912752061,131,435676221,39,0,32.0,False,eu_500
8912752061,132,254734180,2,0,24.0,False,eu_500
8912752066,0,1796884825,25,0,25.0,False,eu_500
8912752066,1,1279262168,111,0,33.0,False,eu_500
8912752066,2,1234970931,104,0,22.0,False,eu_500
8912752066,3,1696287197,14,0,23.0,False,eu_500
8912752066,4,1860012403,18,0,21.0,False,eu_500
8912752066,128,294764717,57,0,22.0,False,eu_500
8912752066,129,1261444680,113,0,15.0,False,eu_500
8912752066,130,810303748,12,0,32.0,False,eu_500
8912752066,131,827164180,60,0,13.0,False,eu_500
8912752066,132,1102052452,20,0,23.0,False,eu_500
8912752069,0,1222482445,11,0,43.0,False,eu_500
8912752069,1,1841120746,14,0,44.0,False,eu_500
8912752069,2,770572579,113,0,41.0,False,eu_500
8912752069,3,442993459,111,0,42.0,False,eu_500
8912752069,4,1417698308,22,0,43.0,False,eu_500
8912752069,128,1146300336,30,0,34.0,False,eu_500
8912752069,129,1570208971,136,0,42.0,False,eu_500
8912752069,130,956185041,1,0,45.0,False,eu_500
8912752069,131,171291478,37,0,43.0,False,eu_500
8912752069,132,1512437093,2,0,44.0,False,eu_500
8912752104,0,163095821,5,0,15.0,False,eu_500
8912752104,1,122495415,67,0,23.0,False,eu_500
8912752104,2,169164482,6,0,33.0,False,eu_500
8912752104,3,1059909349,16,0,34.0,False,eu_500
8912752104,4,154596034,27,0,25.0,False,eu_500
8912752104,128,864216294,84,0,33.0,False,eu_500
8912752104,129,132016914,32,0,33.0,False,eu_500
8912752104,130,144898174,36,0,32.0,False,eu_500
8912752104,131,64836704,44,0,31.0,False,eu_500
8912752104,132,171410554,30,0,25.0,False,eu_500
8912752116,0,777145124,98,0,51.0,False,eu_500
8912752116,1,152895784,8,0,45.0,False,eu_500
8912752116,2,1563953327,39,0,51.0,False,eu_500
8912752116,3,863564787,128,0,52.0,False,eu_500
8912752116,4,151781055,22,0,44.0,False,eu_500
8912752116,128,138715498,64,0,51.0,False,eu_500
8912752116,129,1023901633,17,0,51.0,False,eu_500
8912752116,130,436590778,50,0,45.0,False,eu_500
8912752116,131,1011305069,59,0,45.0,False,eu_500
8912752116,132,239127361,96,0,51.0,False,eu_500
8912752118,0,1140244971,60,0,43.0,False,eu_500
8912752118,1,320298882,39,0,41.0,False,eu_500
8912752118,2,772731174,19,0,41.0,False,eu_500
8912752118,3,322135770,9,0,43.0,False,eu_500
8912752118,4,176787941,14,0,44.0,False,eu_500
8912752118,128,1235228748,104,0,43.0,False,eu_500
8912752118,129,156375182,88,0,43.0,False,eu_500
8912752118,130,1834254460,86,0,43.0,False,eu_500
8912752118,131,444443838,53,0,32.0,False,eu_500
8912752118,132,329467265,44,0,44.0,False,eu_500
8912752120,0,1282242037,56,1,22.0,False,eu_500
8912752120,1,1190675044,37,0,31.0,False,eu_500
8912752120,2,115541176,104,0,32.0,False,eu_500
8912752120,3,1200971135,129,1,25.0,False,eu_500
8912752120,4,1614752330,12,0,13.0,False,eu_500
8912752120,128,168373571,30,0,33.0,False,eu_500
8912752120,129,1506588659,97,0,33.0,False,eu_500
8912752120,130,1218315878,34,0,33.0,False,eu_500
8912752120,131,175639451,105,0,31.0,False,eu_500
8912752120,132,39385718,19,0,,False,eu_500
8912752121,0,92346847,6,0,41.0,False,eu_500
8912752121,1,150982202,36,0,41.0,False,eu_500
8912752121,2,211929103,128,0,35.0,False,eu_500
8912752121,3,397956557,54,0,33.0,False,eu_500
8912752121,4,1835849487,27,0,31.0,False,eu_500
8912752121,128,53098778,135,0,25.0,False,eu_500
8912752121,129,17224383,30,0,41.0,False,eu_500
8912752121,130,405418266,85,0,42.0,False,eu_500
8912752121,131,212748658,46,0,41.0,False,eu_500
8912752121,132,455647419,76,0,34.0,False,eu_500
8912752123,0,302154833,74,0,52.0,False,eu_500
8912752123,1,315470926,85,0,55.0,False,eu_500
8912752123,2,197114841,131,0,61.0,False,eu_500
8912752123,3,180307781,46,0,62.0,False,eu_500
8912752123,4,179915043,36,0,54.0,False,eu_500
8912752123,128,1014006484,19,0,53.0,False,eu_500
8912752123,129,965301683,11,0,61.0,False,eu_500
8912752123,130,432101669,26,0,54.0,False,eu_500
8912752123,131,141225667,1,0,55.0,False,eu_500
8912752123,132,1003098285,84,0,61.0,False,eu_500
8912752144,0,344334227,20,0,,False,eu_500
8912752144,1,1428855969,15,0,54.0,False,eu_500
8912752144,2,1515804242,1,0,43.0,False,eu_500
8912752144,3,205034344,22,1,45.0,False,eu_500
8912752144,4,986078214,90,0,52.0,False,eu_500
8912752144,128,491257527,37,0,45.0,False,eu_500
8912752144,129,1739272153,6,0,45.0,False,eu_500
8912752144,130,425192321,61,0,41.0,False,eu_500
8912752144,131,1236172088,14,0,44.0,False,eu_500
8912752144,132,123406508,31,0,52.0,False,eu_500
8912752146,0,1285502079,25,0,55.0,False,eu_500
8912752146,1,1505680996,60,0,,False,eu_500
8912752146,2,788633768,54,0,54.0,False,eu_500
8912752146,3,1141818727,27,0,,False,eu_500
8912752146,4,1620449326,75,0,,False,eu_500
8912752146,128,1515875883,109,0,41.0,False,eu_500
8912752146,129,1520024137,56,0,33.0,False,eu_500
8912752146,130,37796212,128,0,24.0,False,eu_500
8912752146,131,1012713623,74,0,,False,eu_500
8912752146,132,1113610441,36,0,41.0,False,eu_500
8912752161,0,1281115288,74,0,44.0,False,eu_500
8912752161,1,855508138,57,0,51.0,False,eu_500
8912752161,2,112173202,25,0,51.0,False,eu_500
8912752161,3,1551087669,7,0,45.0,False,eu_500
8912752161,4,1074138748,41,0,51.0,False,eu_500
8912752161,128,876807112,5,0,52.0,False,eu_500
8912752161,129,1189726044,20,0,45.0,False,eu_500
8912752161,130,96206341,9,0,51.0,False,eu_500
8912752161,131,240940555,42,0,45.0,False,eu_500
8912752161,132,202788223,35,0,41.0,False,eu_500
8912752177,0,748205345,42,0,35.0,False,eu_500
8912752177,1,123407156,27,0,34.0,False,eu_500
8912752177,2,361499413,135,0,51.0,False,eu_500
8912752177,3,329643710,20,0,44.0,False,eu_500
8912752177,4,104459062,35,0,44.0,False,eu_500
8912752177,128,391993590,85,0,43.0,False,eu_500
8912752177,129,144748803,2,0,43.0,False,eu_500
8912752177,130,884444425,46,0,44.0,False,eu_500
8912752177,131,144832914,128,0,44.0,False,eu_500
8912752177,132,447962289,101,0,42.0,False,eu_500
8912752216,0,1004891154,22,0,24.0,False,eu_500
8912752216,1,1208247382,93,0,31.0,False,eu_500
8912752216,2,1821576211,109,0,33.0,False,eu_500
8912752216,3,189288872,105,0,22.0,False,eu_500
8912752216,4,1455653454,96,0,34.0,False,eu_500
8912752216,128,1540735434,84,0,,False,eu_500
8912752216,129,1102233803,85,0,25.0,False,eu_500
8912752216,130,1248124578,28,0,35.0,False,eu_500
8912752216,131,1885380311,11,0,15.0,False,eu_500
8912752216,132,1918972806,145,0,32.0,False,eu_500
8912752225,0,1773467430,11,0,72.0,False,eu_500
8912752225,1,219888873,26,0,35.0,False,eu_500
8912752225,2,1033505591,85,0,63.0,False,eu_500
8912752225,3,191309693,48,0,64.0,False,eu_500
8912752225,4,872256597,92,0,55.0,False,eu_500
8912752225,128,910887518,74,0,65.0,False,eu_500
8912752225,129,1838298353,97,0,34.0,False,eu_500
8912752225,130,259196231,113,0,53.0,False,eu_500
8912752225,131,362509825,145,0,62.0,False,eu_500
8912752225,132,344027957,105,0,44.0,False,eu_500
8912752230,0,124640794,74,0,63.0,False,eu_500
8912752230,1,490717793,14,0,32.0,False,eu_500
8912752230,2,834529491,26,0,42.0,False,eu_500
8912752230,3,1092794337,90,0,54.0,False,eu_500
8912752230,4,1902578088,10,0,62.0,False,eu_500
8912752230,128,749218826,59,0,,False,eu_500
8912752230,129,1420627128,8,0,63.0,False,eu_500
8912752230,130,1260195329,69,0,54.0,False,eu_500
8912752230,131,161408545,121,0,52.0,False,eu_500
8912752230,132,1793154416,31,0,45.0,False,eu_500
8912752249,0,68111930,14,0,33.0,False,eu_500
8912752249,1,1637358619,6,0,32.0,False,eu_500
8912752249,2,1405800519,98,0,25.0,False,eu_500
8912752249,3,1572075160,75,0,31.0,False,eu_500
8912752249,4,1109205133,83,0,34.0,False,eu_500
8912752249,128,928910029,128,0,34.0,False,eu_500
8912752249,129,1025566088,101,0,,False,eu_500
8912752249,130,1591642532,2,0,31.0,False,eu_500
8912752249,131,145733069,21,0,32.0,False,eu_500
8912752249,132,155119106,35,0,35.0,False,eu_500
8912752296,0,1903850234,60,0,21.0,False,eu_500
8912752296,1,44376778,5,0,22.0,False,eu_500
8912752296,2,69516607,35,0,,False,eu_500
8912752296,3,865665091,54,0,12.0,False,eu_500
8912752296,4,50342036,27,0,23.0,False,eu_500
8912752296,128,774281377,34,0,22.0,False,eu_500
8912752296,129,1553127628,1,0,12.0,False,eu_500
8912752296,130,1923230341,75,0,23.0,False,eu_500
8912752296,131,161943993,22,0,,False,eu_500
8912752296,132,1435455540,98,0,23.0,False,eu_500
8912752303,0,127224290,86,0,35.0,False,eu_500
8912752303,1,1906125720,74,0,34.0,False,eu_500
8912752303,2,1088120463,54,0,35.0,False,eu_500
8912752303,3,1079262485,112,0,33.0,False,eu_500
8912752303,4,1393517370,104,0,32.0,False,eu_500
8912752303,128,279038208,110,0,35.0,False,eu_500
8912752303,129,376628664,135,0,41.0,False,eu_500
8912752303,130,480247133,4,0,41.0,False,eu_500
8912752303,131,793172502,90,0,,False,eu_500
8912752303,132,89029807,64,0,25.0,False,eu_500
8912752305,0,193729917,97,0,62.0,False,eu_500
8912752305,1,1179790690,26,0,64.0,False,eu_500
8912752305,2,150478617,71,0,62.0,False,eu_500
8912752305,3,1127192810,28,1,61.0,False,eu_500
8912752305,4,1216824939,98,1,61.0,False,eu_500
8912752305,128,41041743,101,0,62.0,False,eu_500
8912752305,129,345831457,13,0,62.0,False,eu_500
8912752305,130,1424041268,54,0,55.0,False,eu_500
8912752305,131,206385608,75,0,55.0,False,eu_500
8912752305,132,425849163,7,0,71.0,False,eu_500
8912752313,0,226606967,71,0,44.0,False,eu_500
8912752313,1,1293233445,74,0,52.0,False,eu_500
8912752313,2,154474154,56,0,43.0,False,eu_500
8912752313,3,1016925247,49,0,45.0,False,eu_500
8912752313,4,82155622,22,0,53.0,False,eu_500
8912752313,128,262521992,25,0,52.0,False,eu_500
8912752313,129,237027470,54,0,42.0,False,eu_500
8912752313,130,164581549,45,0,51.0,False,eu_500
8912752313,131,895592385,2,0,34.0,False,eu_500
8912752313,132,1023236985,20,0,51.0,False,eu_500
8912752319,0,120446138,27,0,54.0,False,eu_500
8912752319,1,126718015,61,1,55.0,False,eu_500
8912752319,2,1192624138,12,0,55.0,False,eu_500
8912752319,3,909077686,75,0,51.0,False,eu_500
8912752319,4,1558949074,7,0,55.0,False,eu_500
8912752319,128,136265386,62,0,43.0,False,eu_500
8912752319,129,1043297483,29,0,54.0,False,eu_500
8912752319,130,1542116098,48,0,54.0,False,eu_500
8912752319,131,215593329,91,0,54.0,False,eu_500
8912752319,132,280030610,53,0,54.0,False,eu_500
8912752350,0,444515698,48,0,72.0,False,eu_500
8912752350,1,1245420548,7,0,71.0,False,eu_500
8912752350,2,179789480,39,0,72.0,False,eu_500
8912752350,3,366881789,107,0,63.0,False,eu_500
8912752350,4,193248712,71,0,71.0,False,eu_500
8912752350,128,349179110,35,0,74.0,False,eu_500
8912752350,129,373658421,155,0,52.0,False,eu_500
8912752350,130,325840478,128,0,63.0,False,eu_500
8912752350,131,1700028117,20,0,51.0,False,eu_500
8912752350,132,1680270690,62,0,72.0,False,eu_500
8912752351,0,1230740378,79,0,65.0,False,eu_500
8912752351,1,800314073,113,0,65.0,False,eu_500
8912752351,2,817426205,2,0,71.0,False,eu_500
8912752351,3,116411842,9,0,71.0,False,eu_500
8912752351,4,126539527,70,0,64.0,False,eu_500
8912752351,128,373165895,30,0,64.0,False,eu_500
8912752351,129,1680279198,4,0,65.0,False,eu_500
8912752351,130,410953906,14,0,65.0,False,eu_500
8912752351,131,384455858,40,0,65.0,False,eu_500
8912752351,132,1433902686,78,1,65.0,False,eu_500
8912752368,0,145474183,104,0,45.0,False,eu_500
8912752368,1,261115116,101,0,44.0,False,eu_500
8912752368,2,1084655379,76,0,45.0,False,eu_500
8912752368,3,437256339,67,0,53.0,False,eu_500
8912752368,4,436956779,61,0,41.0,False,eu_500
8912752368,128,1871459011,102,0,42.0,False,eu_500
8912752368,129,808347071,35,0,44.0,False,eu_500
8912752368,130,1237712178,41,0,45.0,False,eu_500
8912752368,131,1519410501,86,0,54.0,False,eu_500
8912752368,132,885048236,145,0,45.0,False,eu_500
8912752370,0,1810329177,105,0,24.0,False,eu_500
8912752370,1,1730184104,87,0,,False,eu_500
8912752370,2,1850899648,12,0,23.0,False,eu_500
8912752370,3,372667921,36,0,24.0,False,eu_500
8912752370,4,1894576702,19,1,22.0,False,eu_500
8912752370,128,1856040448,93,0,15.0,False,eu_500
8912752370,129,1674611849,11,0,,False,eu_500
8912752370,130,111472552,55,0,23.0,False,eu_500
8912752370,131,1079690170,14,0,14.0,False,eu_500
8912752370,132,51756340,68,0,31.0,False,eu_500
8912752372,0,202140461,96,0,42.0,False,eu_500
8912752372,1,1281967087,50,0,41.0,False,eu_500
8912752372,2,1141014471,75,0,35.0,False,eu_500
8912752372,3,814076115,25,0,41.0,False,eu_500
8912752372,4,720653241,89,0,,False,eu_500
8912752372,128,93916545,85,0,41.0,False,eu_500
8912752372,129,1295535759,100,0,,False,eu_500
8912752372,130,117004333,31,0,42.0,False,eu_500
8912752372,131,85001117,120,0,41.0,False,eu_500
8912752372,132,1054007719,8,0,42.0,False,eu_500
8912752374,0,1218804283,5,0,33.0,False,eu_500
8912752374,1,1266384722,12,0,53.0,False,eu_500
8912752374,2,46239211,136,0,51.0,False,eu_500
8912752374,3,99662915,135,0,51.0,False,eu_500
8912752374,4,202483885,102,0,43.0,False,eu_500
8912752374,128,187492989,86,0,51.0,False,eu_500
8912752374,129,152648037,48,0,51.0,False,eu_500
8912752374,130,1008649828,137,0,42.0,False,eu_500
8912752374,131,124375298,25,0,41.0,False,eu_500
8912752374,132,1550472127,101,0,24.0,False,eu_500
8912752381,0,1333023303,52,0,62.0,False,eu_500
8912752381,1,1103087177,91,0,71.0,False,eu_500
8912752381,2,1054603747,102,0,,False,eu_500
8912752381,3,475279186,135,0,73.0,False,eu_500
8912752381,4,1102921762,106,0,64.0,False,eu_500
8912752381,128,47674193,105,0,62.0,False,eu_500
8912752381,129,1659984678,17,0,64.0,False,eu_500
8912752381,130,1102025181,67,0,72.0,False,eu_500
8912752381,131,211199410,137,0,64.0,False,eu_500
8912752381,132,133842916,7,0,64.0,False,eu_500
8912752387,0,236920451,74,0,63.0,False,eu_500
8912752387,1,154325723,86,0,51.0,False,eu_500
8912752387,2,1163172022,128,0,53.0,False,eu_500
8912752387,3,1283229084,109,0,51.0,False,eu_500
8912752387,4,1429822140,60,0,55.0,False,eu_500
8912752387,128,842150874,26,0,52.0,False,eu_500
8912752387,129,152251320,18,0,45.0,False,eu_500
8912752387,130,350806048,84,0,51.0,False,eu_500
8912752387,131,1595924194,22,0,51.0,False,eu_500
8912752387,132,76335921,97,0,53.0,False,eu_500
8912752391,0,1192486406,68,0,72.0,False,eu_500
8912752391,1,143770530,60,0,61.0,False,eu_500
8912752391,2,1597072,13,0,71.0,False,eu_500
8912752391,3,86622174,44,0,72.0,False,eu_500
8912752391,4,84977824,30,0,65.0,False,eu_500
8912752391,128,448942532,135,0,75.0,False,eu_500
8912752391,129,1085368620,69,0,65.0,False,eu_500
8912752391,130,1031755213,84,0,64.0,False,eu_500
8912752391,131,206152226,35,0,75.0,False,eu_500
8912752391,132,207688743,47,0,65.0,False,eu_500
8912752405,0,96747214,131,0,61.0,False,eu_500
8912752405,1,1156576690,90,0,62.0,False,eu_500
8912752405,2,149374110,1,0,55.0,False,eu_500
8912752405,3,854797364,36,0,53.0,False,eu_500
8912752405,4,1175286540,69,0,55.0,False,eu_500
8912752405,128,1297307588,22,0,55.0,False,eu_500
8912752405,129,1807089640,56,0,55.0,False,eu_500
8912752405,130,1390907095,2,0,53.0,False,eu_500
8912752405,131,1674950836,101,0,52.0,False,eu_500
8912752405,132,389679250,25,0,55.0,False,eu_500
8912752406,0,1526142705,99,0,31.0,False,eu_500
8912752406,1,1222795643,1,0,14.0,False,eu_500
8912752406,2,161509699,35,0,,False,eu_500
8912752406,3,1605259451,27,0,25.0,False,eu_500
8912752406,4,424104657,53,0,,False,eu_500
8912752406,128,1633233793,90,0,25.0,False,eu_500
8912752406,129,1831166393,12,0,23.0,False,eu_500
8912752406,130,1508541395,50,0,23.0,False,eu_500
8912752406,131,1597151719,5,0,12.0,False,eu_500
8912752406,132,91038731,7,0,31.0,False,eu_500
8912752408,0,1282177111,42,0,34.0,False,eu_500
8912752408,1,1235626338,86,1,45.0,False,eu_500
8912752408,2,304319473,3,0,45.0,False,eu_500
8912752408,3,236598883,93,0,53.0,False,eu_500
8912752408,4,923917929,30,0,34.0,False,eu_500
8912752408,128,90696871,22,0,51.0,False,eu_500
8912752408,129,125962023,112,0,52.0,False,eu_500
8912752408,130,46470353,84,0,45.0,False,eu_500
8912752408,131,60979398,43,0,54.0,False,eu_500
8912752408,132,114888965,80,0,42.0,False,eu_500
8912752413,0,958492946,20,0,73.0,False,eu_500
8912752413,1,1035208872,1,0,35.0,False,eu_500
8912752413,2,170130505,121,0,34.0,False,eu_500
8912752413,3,147753476,14,0,63.0,False,eu_500
8912752413,4,103779903,42,0,61.0,False,eu_500
8912752413,128,125842207,94,0,63.0,False,eu_500
8912752413,129,1112899622,76,0,51.0,False,eu_500
8912752413,130,1479268135,5,0,45.0,False,eu_500
8912752413,131,1265777996,85,0,45.0,False,eu_500
8912752413,132,91446674,68,0,65.0,False,eu_500
8912752422,0,1189475037,50,0,32.0,False,eu_500
8912752422,1,1070992281,123,0,53.0,False,eu_500
8912752422,2,143842060,32,0,45.0,False,eu_500
8912752422,3,1230963085,90,0,45.0,False,eu_500
8912752422,4,814927671,110,0,45.0,False,eu_500
8912752422,128,1080138824,35,0,64.0,False,eu_500
8912752422,129,142072249,136,0,42.0,False,eu_500
8912752422,130,96911046,41,0,52.0,False,eu_500
8912752422,131,873246226,12,0,43.0,False,eu_500
8912752422,132,89778179,7,0,31.0,False,eu_500
8912752435,0,423578755,128,0,32.0,False,eu_500
8912752435,1,320661395,105,0,34.0,False,eu_500
8912752435,2,122102046,6,0,32.0,False,eu_500
8912752435,3,247170920,30,0,25.0,False,eu_500
8912752435,4,1461688563,14,0,24.0,False,eu_500
8912752435,128,231327109,99,0,42.0,False,eu_500
8912752435,129,341774541,20,0,24.0,False,eu_500
8912752435,130,1085147686,1,0,25.0,False,eu_500
8912752435,131,1064079487,22,0,32.0,False,eu_500
8912752435,132,1072796752,17,0,31.0,False,eu_500
8912752455,0,385106258,11,0,61.0,False,eu_500
8912752455,1,253187353,76,0,61.0,False,eu_500
8912752455,2,1112645174,26,0,61.0,False,eu_500
8912752455,3,177161593,21,0,62.0,False,eu_500
8912752455,4,782608038,42,0,45.0,False,eu_500
8912752455,128,1429268986,3,0,62.0,False,eu_500
8912752455,129,484828964,104,0,61.0,False,eu_500
8912752455,130,238654579,22,0,31.0,False,eu_500
8912752455,131,1144925572,10,0,61.0,False,eu_500
8912752455,132,45418368,25,0,62.0,False,eu_500
8912752458,0,159162244,54,0,31.0,False,eu_500
8912752458,1,1929547775,82,0,15.0,False,eu_500
8912752458,2,67820857,20,0,25.0,False,eu_500
8912752458,3,882269687,99,0,25.0,False,eu_500
8912752458,4,195374409,86,0,23.0,False,eu_500
8912752458,128,93678021,28,0,25.0,False,eu_500
8912752458,129,320968795,64,0,31.0,False,eu_500
8912752458,130,24887324,36,0,25.0,False,eu_500
8912752458,131,189209917,39,0,32.0,False,eu_500
8912752458,132,139336202,67,0,31.0,False,eu_500
8912752461,0,1239564452,6,0,63.0,False,eu_500
8912752461,1,91396696,88,0,64.0,False,eu_500
8912752461,2,926201995,120,0,63.0,False,eu_500
8912752461,3,111810258,138,0,64.0,False,eu_500
8912752461,4,881638996,2,0,61.0,False,eu_500
8912752461,128,372424577,86,0,63.0,False,eu_500
8912752461,129,911744457,128,0,64.0,False,eu_500
8912752461,130,1163286027,59,0,64.0,False,eu_500
8912752461,131,1485204608,42,0,63.0,False,eu_500
8912752461,132,324473088,14,0,55.0,False,eu_500
8912752473,0,1164177956,67,0,63.0,False,eu_500
8912752473,1,858597348,55,0,63.0,False,eu_500
8912752473,2,1433470656,86,0,61.0,False,eu_500
8912752473,3,1106753781,11,0,63.0,False,eu_500
8912752473,4,172180287,5,0,63.0,False,eu_500
8912752473,128,1085225339,76,0,61.0,False,eu_500
8912752473,129,1442730106,114,0,62.0,False,eu_500
8912752473,130,112953625,59,0,63.0,False,eu_500
8912752473,131,1011256111,111,0,63.0,False,eu_500
8912752473,132,873967788,41,0,65.0,False,eu_500
8912752476,0,1510944920,47,0,80.0,False,eu_500
8912752476,1,108055845,36,0,80.0,False,eu_500
8912752476,2,371309680,37,0,80.0,False,eu_500
8912752476,3,100649106,114,0,80.0,False,eu_500
8912752476,4,121480728,22,0,80.0,False,eu_500
8912752476,128,114965350,75,0,80.0,False,eu_500
8912752476,129,417875257,7,0,80.0,False,eu_500
8912752476,130,451506027,77,0,80.0,False,eu_500
8912752476,131,1674411251,145,0,80.0,False,eu_500
8912752476,132,857514201,65,0,80.0,False,eu_500
8912752494,0,123468566,18,0,61.0,False,eu_500
8912752494,1,294026519,84,0,54.0,False,eu_500
8912752494,2,180601904,71,0,52.0,False,eu_500
8912752494,3,259383625,14,0,54.0,False,eu_500
8912752494,4,908995409,21,0,54.0,False,eu_500
8912752494,128,907560516,64,0,45.0,False,eu_500
8912752494,129,878926846,135,0,,False,eu_500
8912752494,130,1049272957,74,0,54.0,False,eu_500
8912752494,131,1901900746,70,0,45.0,False,eu_500
8912752494,132,808649874,86,0,33.0,False,eu_500
8912752502,0,1158559844,67,0,62.0,False,eu_500
8912752502,1,153558677,14,0,61.0,False,eu_500
8912752502,2,911801618,60,0,55.0,False,eu_500
8912752502,3,98646301,21,0,61.0,False,eu_500
8912752502,4,930094232,74,0,61.0,False,eu_500
8912752502,128,1511628285,25,0,62.0,False,eu_500
8912752502,129,294205381,137,0,61.0,False,eu_500
8912752502,130,35464887,35,0,61.0,False,eu_500
8912752502,131,266708140,97,0,61.0,False,eu_500
8912752502,132,303323705,79,0,52.0,False,eu_500
8912752504,0,141323972,74,0,80.0,False,eu_500
8912752504,1,1024910894,92,0,80.0,False,eu_500
8912752504,2,65114742,85,0,80.0,False,eu_500
8912752504,3,56169130,88,0,80.0,False,eu_500
8912752504,4,1023464910,6,0,80.0,False,eu_500
8912752504,128,1261519711,53,0,80.0,False,eu_500
8912752504,129,1076005496,107,0,80.0,False,eu_500
8912752504,130,1025208051,14,0,80.0,False,eu_500
8912752504,131,280371446,126,0,80.0,False,eu_500
8912752504,132,1260473579,105,0,80.0,False,eu_500
8912752529,0,110757601,33,0,65.0,False,eu_500
8912752529,1,369808027,90,0,65.0,False,eu_500
8912752529,2,1802646848,7,0,65.0,False,eu_500
8912752529,3,95405737,35,0,63.0,False,eu_500
8912752529,4,345263100,63,0,52.0,False,eu_500
8912752529,128,88868615,5,0,71.0,False,eu_500
8912752529,129,388393907,2,0,71.0,False,eu_500
8912752529,130,168182026,74,0,71.0,False,eu_500
8912752529,131,808552430,42,0,64.0,False,eu_500
8912752529,132,85526635,85,0,65.0,False,eu_500
8912752530,0,1824112185,105,0,,False,eu_500
8912752530,1,1091347420,97,0,31.0,False,eu_500
8912752530,2,1875379789,44,0,31.0,False,eu_500
8912752530,3,1132136267,14,0,32.0,False,eu_500
8912752530,4,1165656714,39,0,21.0,False,eu_500
8912752530,128,1298105655,73,0,22.0,False,eu_500
8912752530,129,357004404,28,0,22.0,False,eu_500
8912752530,130,936624877,2,0,24.0,False,eu_500
8912752530,131,218443149,6,0,14.0,False,eu_500
8912752530,132,154435591,63,0,24.0,False,eu_500
8912752575,0,1557630399,7,0,,False,eu_500
8912752575,1,1526808732,54,0,,False,eu_500
8912752575,2,374647742,3,0,15.0,False,eu_500
8912752575,3,1262669431,2,0,21.0,False,eu_500
8912752575,4,1144277507,22,0,14.0,False,eu_500
8912752575,128,1391146897,36,0,15.0,False,eu_500
8912752575,129,1183447356,70,0,15.0,False,eu_500
8912752575,130,1096050914,113,0,23.0,False,eu_500
8912752575,131,300106640,108,0,,False,eu_500
8912752575,132,198619257,111,0,22.0,False,eu_500
8912752576,0,271089832,128,0,80.0,False,eu_500
8912752576,1,189336611,108,0,80.0,False,eu_500
8912752576,2,123442324,27,0,72.0,False,eu_500
8912752576,3,251786909,105,0,74.0,False,eu_500
8912752576,4,1918107756,114,0,80.0,False,eu_500
8912752576,128,108979226,100,0,80.0,False,eu_500
8912752576,129,293391020,71,0,80.0,False,eu_500
8912752576,130,291407010,6,0,75.0,False,eu_500
8912752576,131,251065429,25,0,80.0,False,eu_500
8912752576,132,402519538,55,0,80.0,False,eu_500
8912752587,0,324389046,26,0,80.0,False,eu_500
8912752587,1,93111219,34,0,80.0,False,eu_500
8912752587,2,383724671,123,0,80.0,False,eu_500
8912752587,3,1840085808,1,0,80.0,False,eu_500
8912752587,4,169629385,108,0,80.0,False,eu_500
8912752587,128,147957896,22,0,80.0,False,eu_500
8912752587,129,1035611798,44,0,80.0,False,eu_500
8912752587,130,1021330434,91,0,80.0,False,eu_500
8912752587,131,62430561,14,0,80.0,False,eu_500
8912752587,132,1182207971,25,0,80.0,False,eu_500
8912752588,0,166886219,86,0,54.0,False,eu_500
8912752588,1,387362197,89,0,54.0,False,eu_500
8912752588,2,247776723,107,0,54.0,False,eu_500
8912752588,3,339176317,19,0,62.0,False,eu_500
8912752588,4,279711962,14,0,54.0,False,eu_500
8912752588,128,860096418,26,0,54.0,False,eu_500
8912752588,129,1059780196,34,0,54.0,False,eu_500
8912752588,130,1725905836,48,0,54.0,False,eu_500
8912752588,131,737403729,9,0,55.0,False,eu_500
8912752588,132,808426663,98,0,55.0,False,eu_500
8912752596,0,1381451565,5,0,,False,eu_500
8912752596,1,830400817,93,0,12.0,False,eu_500
8912752596,2,1098938278,35,0,12.0,False,eu_500
8912752596,3,1846439251,101,0,14.0,False,eu_500
8912752596,4,1894143264,135,0,,False,eu_500
8912752596,128,456468624,27,0,,False,eu_500
8912752596,129,1237767547,56,0,12.0,False,eu_500
8912752596,130,1844548496,30,0,,False,eu_500
8912752596,131,1522921303,8,0,12.0,False,eu_500
8912752596,132,1898837287,145,0,12.0,False,eu_500
8912752597,0,1296429277,22,0,80.0,False,eu_500
8912752597,1,103854290,7,0,80.0,False,eu_500
8912752597,2,234337698,145,0,80.0,False,eu_500
8912752597,3,1925538397,86,0,80.0,False,eu_500
8912752597,4,129987881,121,0,80.0,False,eu_500
8912752597,128,1789368478,128,0,80.0,False,eu_500
8912752597,129,1312294422,113,0,80.0,False,eu_500
8912752597,130,201453662,37,0,80.0,False,eu_500
8912752597,131,189367844,99,0,80.0,False,eu_500
8912752597,132,75574325,56,0,80.0,False,eu_500
8912752598,0,1099368891,48,0,65.0,False,eu_500
8912752598,1,377834221,26,0,55.0,False,eu_500
8912752598,2,228645530,85,0,51.0,False,eu_500
8912752598,3,1240572410,104,0,55.0,False,eu_500
8912752598,4,120921877,131,0,35.0,False,eu_500
8912752598,128,71669384,37,0,55.0,False,eu_500
8912752598,129,178089048,17,0,61.0,False,eu_500
8912752598,130,313362372,123,0,54.0,False,eu_500
8912752598,131,1694655699,12,0,51.0,False,eu_500
8912752598,132,122377831,28,0,61.0,False,eu_500
8912752608,0,993907420,25,0,31.0,False,eu_500
8912752608,1,1108080310,81,0,15.0,False,eu_500
8912752608,2,1739027587,62,0,21.0,False,eu_500
8912752608,3,814280934,12,0,15.0,False,eu_500
8912752608,4,1720384395,50,0,,False,eu_500
8912752608,128,1242313578,18,0,,False,eu_500
8912752608,129,1049914304,89,0,31.0,False,eu_500
8912752608,130,1610883252,90,0,,False,eu_500
8912752608,131,1806388410,53,1,,False,eu_500
8912752608,132,774165455,85,1,23.0,False,eu_500
8912752618,0,1674082418,53,0,53.0,False,eu_500
8912752618,1,286418564,36,0,53.0,False,eu_500
8912752618,2,854671556,104,0,55.0,False,eu_500
8912752618,3,157948556,123,0,62.0,False,eu_500
8912752618,4,1797545947,22,0,61.0,False,eu_500
8912752618,128,820589141,39,0,54.0,False,eu_500
8912752618,129,161392238,9,0,53.0,False,eu_500
8912752618,130,1521022701,5,0,55.0,False,eu_500
8912752618,131,293722762,14,0,63.0,False,eu_500
8912752618,132,1156967991,6,0,53.0,False,eu_500
8912752622,0,193735948,20,0,35.0,False,eu_500
8912752622,1,1276958280,46,1,31.0,False,eu_500
8912752622,2,1379303641,25,1,35.0,False,eu_500
8912752622,3,929635851,96,0,34.0,False,eu_500
8912752622,4,854394097,41,0,23.0,False,eu_500
8912752622,128,50054440,75,0,,False,eu_500
8912752622,129,113567424,108,0,35.0,False,eu_500
8912752622,130,1576021289,84,0,25.0,False,eu_500
8912752622,131,874078263,64,0,35.0,False,eu_500
8912752622,132,104205420,67,0,31.0,False,eu_500
8912752623,0,401253573,121,0,74.0,False,eu_500
8912752623,1,179208634,54,0,75.0,False,eu_500
8912752623,2,880599136,48,0,74.0,False,eu_500
8912752623,3,166101393,113,0,75.0,False,eu_500
8912752623,4,122885248,21,0,75.0,False,eu_500
8912752623,128,439175123,6,0,74.0,False,eu_500
8912752623,129,114537147,85,0,75.0,False,eu_500
8912752623,130,1117154271,82,0,80.0,False,eu_500
8912752623,131,1288031710,83,1,74.0,False,eu_500
8912752623,132,180099794,2,0,74.0,False,eu_500
8912752639,0,1249858575,104,0,31.0,False,eu_500
8912752639,1,1064868893,26,0,23.0,False,eu_500
8912752639,2,70875625,95,0,15.0,False,eu_500
8912752639,3,1874291946,36,0,24.0,False,eu_500
8912752639,4,847620,22,0,25.0,False,eu_500
8912752639,128,1541387946,12,0,24.0,False,eu_500
8912752639,129,1065110373,21,0,24.0,False,eu_500
8912752639,130,50570953,1,0,,False,eu_500
8912752639,131,1538380763,15,0,,False,eu_500
8912752639,132,1791102975,35,0,15.0,False,eu_500
8912752641,0,221448579,35,0,64.0,False,eu_500
8912752641,1,1105755215,28,0,55.0,False,eu_500
8912752641,2,251469040,85,0,61.0,False,eu_500
8912752641,3,1737459183,89,0,51.0,False,eu_500
8912752641,4,443417285,67,0,61.0,False,eu_500
8912752641,128,1252594656,11,0,61.0,False,eu_500
8912752641,129,157858547,56,0,62.0,False,eu_500
8912752641,130,1179268300,12,0,62.0,False,eu_500
8912752641,131,981321918,26,0,54.0,False,eu_500
8912752641,132,167987337,97,0,62.0,False,eu_500
8912752644,0,1012932903,81,0,,False,eu_500
8912752644,1,240430214,22,0,13.0,False,eu_500
8912752644,2,911078371,5,0,22.0,False,eu_500
8912752644,3,1062412677,119,0,15.0,False,eu_500
8912752644,4,878861043,48,0,22.0,False,eu_500
8912752644,128,1920359038,14,0,24.0,False,eu_500
8912752644,129,294867578,99,0,21.0,False,eu_500
8912752644,130,1251959896,85,0,13.0,False,eu_500
8912752644,131,1912230880,71,0,13.0,False,eu_500
8912752644,132,814200633,67,0,15.0,False,eu_500
8912752645,0,118065438,2,0,71.0,False,eu_500
8912752645,1,1843700471,6,0,65.0,False,eu_500
8912752645,2,92014205,120,0,,False,eu_500
8912752645,3,57085495,86,0,65.0,False,eu_500
8912752645,4,1193357244,123,0,71.0,False,eu_500
8912752645,128,1039357007,11,0,71.0,False,eu_500
8912752645,129,396595427,21,0,71.0,False,eu_500
8912752645,130,170395460,87,0,72.0,False,eu_500
8912752645,131,117829741,135,0,65.0,False,eu_500
8912752645,132,218499485,44,0,71.0,False,eu_500
8912752646,0,1651658712,67,0,25.0,False,eu_500
8912752646,1,205804313,64,0,42.0,False,eu_500
8912752646,2,303346285,84,0,31.0,False,eu_500
8912752646,3,244800916,36,0,35.0,False,eu_500
8912752646,4,1267439213,106,0,35.0,False,eu_500
8912752646,128,158196891,22,0,34.0,False,eu_500
8912752646,129,1017366294,37,0,34.0,False,eu_500
8912752646,130,105318331,104,0,31.0,False,eu_500
8912752646,131,889223286,54,0,41.0,False,eu_500
8912752646,132,1154815330,126,0,32.0,False,eu_500
8912752659,0,148078015,35,0,44.0,False,eu_500
8912752659,1,82958319,126,0,52.0,False,eu_500
8912752659,2,447968791,41,0,42.0,False,eu_500
8912752659,3,221872761,25,0,45.0,False,eu_500
8912752659,4,874059355,96,0,52.0,False,eu_500
8912752659,128,1043137447,22,0,45.0,False,eu_500
8912752659,129,1142447228,45,0,45.0,False,eu_500
8912752659,130,1273657506,1,0,51.0,False,eu_500
8912752659,131,1048805865,26,0,35.0,False,eu_500
8912752659,132,137118271,7,0,52.0,False,eu_500
8912752672,0,1928915949,99,0,,False,eu_500
8912752672,1,1106625240,52,0,42.0,False,eu_500
8912752672,2,1266042173,91,0,43.0,False,eu_500
8912752672,3,397339354,5,0,44.0,False,eu_500
8912752672,4,1485479183,22,0,42.0,False,eu_500
8912752672,128,1032043653,11,0,34.0,False,eu_500
8912752672,129,1030347324,8,0,43.0,False,eu_500
8912752672,130,185891926,26,1,43.0,False,eu_500
8912752672,131,1725055158,101,0,51.0,False,eu_500
8912752672,132,1592740482,129,0,34.0,False,eu_500
8912752682,0,105026899,30,0,32.0,False,eu_500
8912752682,1,1171169830,96,0,13.0,False,eu_500
8912752682,2,212744901,138,0,23.0,False,eu_500
8912752682,3,1302281170,74,0,23.0,False,eu_500
8912752682,4,1771864331,112,0,12.0,False,eu_500
8912752682,128,1244398698,36,0,,False,eu_500
8912752682,129,1015236213,155,0,35.0,False,eu_500
8912752682,130,1473798985,10,0,,False,eu_500
8912752682,131,1702443547,14,0,13.0,False,eu_500
8912752682,132,1845741169,26,0,21.0,False,eu_500
8912752685,0,1044318688,54,0,45.0,False,eu_500
8912752685,1,800020457,64,0,52.0,False,eu_500
8912752685,2,928839701,113,0,44.0,False,eu_500
8912752685,3,910861126,112,0,51.0,False,eu_500
8912752685,4,341538450,84,0,45.0,False,eu_500
8912752685,128,1682075517,39,0,51.0,False,eu_500
8912752685,129,313658226,55,0,51.0,False,eu_500
8912752685,130,82761406,14,0,41.0,False,eu_500
8912752685,131,293522507,1,0,45.0,False,eu_500
8912752685,132,313054865,101,0,42.0,False,eu_500
8912752686,0,1002081407,36,0,33.0,False,eu_500
8912752686,1,910777150,26,0,42.0,False,eu_500
8912752686,2,289233642,85,0,24.0,False,eu_500
8912752686,3,1239539182,7,0,25.0,False,eu_500
8912752686,4,1428344883,10,0,33.0,False,eu_500
8912752686,128,1506678893,35,0,12.0,False,eu_500
8912752686,129,1031741558,123,0,52.0,False,eu_500
8912752686,130,1143004429,67,1,35.0,False,eu_500
8912752686,131,873977385,15,0,,False,eu_500
8912752686,132,124274590,53,0,43.0,False,eu_500
8912752699,0,189812911,31,0,54.0,False,eu_500
8912752699,1,136908935,108,0,,False,eu_500
8912752699,2,116855603,76,0,35.0,False,eu_500
8912752699,3,490856165,1,0,21.0,False,eu_500
8912752699,4,1146485073,14,0,55.0,False,eu_500
8912752699,128,436928023,21,0,53.0,False,eu_500
8912752699,129,299188918,8,0,33.0,False,eu_500
8912752699,130,142083509,36,0,44.0,False,eu_500
8912752699,131,198628725,64,0,55.0,False,eu_500
8912752699,132,182735305,123,0,25.0,False,eu_500
8912752706,0,769897742,10,0,,False,eu_500
8912752706,1,769321369,61,0,,False,eu_500
8912752706,2,191344274,27,0,14.0,False,eu_500
8912752706,3,1884453800,28,0,12.0,False,eu_500
8912752706,4,1845408104,58,0,13.0,False,eu_500
8912752706,128,404696574,88,0,,False,eu_500
8912752706,129,1424048495,46,0,21.0,False,eu_500
8912752706,130,1840820124,36,0,13.0,False,eu_500
8912752706,131,1886294858,26,0,13.0,False,eu_500
8912752706,132,786130775,11,0,,False,eu_500
8912752708,0,1266081256,34,0,35.0,False,eu_500
8912752708,1,452706899,6,0,33.0,False,eu_500
8912752708,2,923653830,15,0,23.0,False,eu_500
8912752708,3,1163738833,71,0,41.0,False,eu_500
8912752708,4,208716315,101,1,,False,eu_500
8912752708,128,370015063,108,0,31.0,False,eu_500
8912752708,129,116579883,67,0,25.0,False,eu_500
8912752708,130,121523984,121,0,24.0,False,eu_500
8912752708,131,116032363,30,0,34.0,False,eu_500
8912752708,132,430942321,35,0,34.0,False,eu_500
8912752710,0,907409792,25,0,33.0,False,eu_500
8912752710,1,199060268,35,0,34.0,False,eu_500
8912752710,2,1624494643,22,0,25.0,False,eu_500
8912752710,3,1072083970,37,0,33.0,False,eu_500
8912752710,4,1199441865,104,0,34.0,False,eu_500
8912752710,128,1445231229,84,0,24.0,False,eu_500
8912752710,129,1191686968,9,0,34.0,False,eu_500
8912752710,130,1080682865,38,0,34.0,False,eu_500
8912752710,131,1279559555,46,0,25.0,False,eu_500
8912752710,132,245079472,30,0,34.0,False,eu_500
8912752714,0,1904001791,17,0,24.0,False,eu_500
8912752714,1,307089613,26,0,24.0,False,eu_500
8912752714,2,848353115,76,0,24.0,False,eu_500
8912752714,3,148809764,99,0,24.0,False,eu_500
8912752714,4,166651342,63,0,,False,eu_500
8912752714,128,37000945,67,0,24.0,False,eu_500
8912752714,129,162512625,41,0,24.0,False,eu_500
8912752714,130,254446612,46,0,23.0,False,eu_500
8912752714,131,175119876,121,0,23.0,False,eu_500
8912752714,132,180043351,53,0,24.0,False,eu_500
8912752723,0,1422995652,61,0,21.0,False,eu_500
8912752723,1,764113328,145,0,,False,eu_500
8912752723,2,1739664120,35,0,,False,eu_500
8912752723,3,873461229,50,0,15.0,False,eu_500
8912752723,4,792959609,53,0,13.0,False,eu_500
8912752723,128,892226290,6,0,15.0,False,eu_500
8912752723,129,1683616611,86,0,15.0,False,eu_500
8912752723,130,363575113,108,0,14.0,False,eu_500
8912752723,131,1915524008,84,0,14.0,False,eu_500
8912752723,132,1512427443,90,0,15.0,False,eu_500
8912752732,0,1196470385,41,0,34.0,False,eu_500
8912752732,1,1470507200,95,0,35.0,False,eu_500
8912752732,2,1415338407,114,0,34.0,False,eu_500
8912752732,3,1707892397,42,0,24.0,False,eu_500
8912752732,4,1641841143,113,0,34.0,False,eu_500
8912752732,128,46581270,22,0,33.0,False,eu_500
8912752732,129,195226972,11,0,,False,eu_500
8912752732,130,183295246,47,0,35.0,False,eu_500
8912752732,131,120063031,14,0,15.0,False,eu_500
8912752732,132,758204591,36,0,33.0,False,eu_500
8912752741,0,1173882456,61,0,21.0,False,eu_500
8912752741,1,1680818441,26,0,,False,eu_500
8912752741,2,1401072987,55,0,14.0,False,eu_500
8912752741,3,1243923874,58,0,15.0,False,eu_500
8912752741,4,1903548625,70,0,21.0,False,eu_500
8912752741,128,166326344,94,0,13.0,False,eu_500
8912752741,129,1246522605,126,0,21.0,False,eu_500
8912752741,130,1575416065,33,0,21.0,False,eu_500
8912752741,131,1193328868,105,0,15.0,False,eu_500
8912752741,132,1235597634,48,0,21.0,False,eu_500
8912752745,0,87005810,67,0,52.0,False,eu_500
8912752745,1,205730566,14,0,42.0,False,eu_500
8912752745,2,112337830,22,0,54.0,False,eu_500
8912752745,3,375386559,128,0,43.0,False,eu_500
8912752745,4,149448960,26,0,61.0,False,eu_500
8912752745,128,170799097,108,0,42.0,False,eu_500
8912752745,129,83358799,9,0,52.0,False,eu_500
8912752745,130,61514665,54,0,42.0,False,eu_500
8912752745,131,61605928,25,0,45.0,False,eu_500
8912752745,132,97855614,35,0,52.0,False,eu_500
8912752747,0,426668991,73,0,15.0,False,eu_500
8912752747,1,188109872,35,0,14.0,False,eu_500
8912752747,2,1784895654,44,0,22.0,False,eu_500
8912752747,3,120004247,58,0,15.0,False,eu_500
8912752747,4,73701276,87,0,15.0,False,eu_500
8912752747,128,1442739562,48,0,14.0,False,eu_500
8912752747,129,37538082,49,0,,False,eu_500
8912752747,130,781194660,50,0,14.0,False,eu_500
8912752747,131,121180794,7,0,14.0,False,eu_500
8912752747,132,1269371779,21,0,15.0,False,eu_500
8912752748,0,1011563652,54,0,52.0,False,eu_500
8912752748,1,959816948,1,0,61.0,False,eu_500
8912752748,2,1047003294,123,0,44.0,False,eu_500
8912752748,3,163224642,99,0,55.0,False,eu_500
8912752748,4,406193910,71,0,53.0,False,eu_500
8912752748,128,331395873,67,0,55.0,False,eu_500
8912752748,129,170452911,85,0,52.0,False,eu_500
8912752748,130,191383072,55,0,45.0,False,eu_500
8912752748,131,115048942,31,0,55.0,False,eu_500
8912752748,132,129046967,86,0,53.0,False,eu_500
8912752749,0,1677445013,34,0,41.0,False,eu_500
8912752749,1,1522518660,1,0,22.0,False,eu_500
8912752749,2,1058807387,84,0,35.0,False,eu_500
8912752749,3,1144224633,62,0,14.0,False,eu_500
8912752749,4,1184237046,86,0,22.0,False,eu_500
8912752749,128,303257397,2,0,33.0,False,eu_500
8912752749,129,1902873716,128,0,31.0,False,eu_500
8912752749,130,983048281,12,0,31.0,False,eu_500
8912752749,131,1583677814,105,0,31.0,False,eu_500
8912752749,132,1259427611,36,0,33.0,False,eu_500
8912752751,0,235071117,2,0,64.0,False,eu_500
8912752751,1,331453790,22,0,73.0,False,eu_500
8912752751,2,1226902046,25,0,71.0,False,eu_500
8912752751,3,907270502,1,0,74.0,False,eu_500
8912752751,4,72697401,9,0,72.0,False,eu_500
8912752751,128,122697658,48,0,72.0,False,eu_500
8912752751,129,132715191,39,0,65.0,False,eu_500
8912752751,130,144286235,28,0,72.0,False,eu_500
8912752751,131,200304930,20,0,75.0,False,eu_500
8912752751,132,1114230839,30,0,73.0,False,eu_500
8912752755,0,1046750018,7,0,51.0,False,eu_500
8912752755,1,162988849,28,0,35.0,False,eu_500
8912752755,2,83986500,109,0,54.0,False,eu_500
8912752755,3,124882872,26,0,53.0,False,eu_500
8912752755,4,124258878,108,0,53.0,False,eu_500
8912752755,128,86718639,53,0,54.0,False,eu_500
8912752755,129,167142250,72,0,41.0,False,eu_500
8912752755,130,1133869963,22,0,53.0,False,eu_500
8912752755,131,163488217,126,0,55.0,False,eu_500
8912752755,132,93872533,42,1,53.0,False,eu_500
8912752756,0,362809266,1,0,35.0,False,eu_500
8912752756,1,1276153691,11,0,44.0,False,eu_500
8912752756,2,1626155379,16,0,44.0,False,eu_500
8912752756,3,121185068,100,0,42.0,False,eu_500
8912752756,4,216400554,75,0,44.0,False,eu_500
8912752756,128,165393205,71,0,44.0,False,eu_500
8912752756,129,1470137631,18,0,,False,eu_500
8912752756,130,1595188940,97,0,41.0,False,eu_500
8912752756,131,1370472173,62,0,43.0,False,eu_500
8912752756,132,123142708,126,0,35.0,False,eu_500
8912752757,0,59922759,53,0,42.0,False,eu_500
8912752757,1,162737765,96,0,45.0,False,eu_500
8912752757,2,262581248,11,0,44.0,False,eu_500
8912752757,3,171928850,21,0,43.0,False,eu_500
8912752757,4,186833108,85,0,44.0,False,eu_500
8912752757,128,177594292,2,0,44.0,False,eu_500
8912752757,129,301344020,3,0,44.0,False,eu_500
8912752757,130,1929254702,36,0,33.0,False,eu_500
8912752757,131,1247059191,72,0,44.0,False,eu_500
8912752757,132,1785725529,6,1,44.0,False,eu_500
8912752758,0,1445483244,27,0,23.0,False,eu_500
8912752758,1,108359189,29,0,34.0,False,eu_500
8912752758,2,1438268014,14,0,34.0,False,eu_500
8912752758,3,1419353426,25,0,25.0,False,eu_500
8912752758,4,166239655,48,0,43.0,False,eu_500
8912752758,128,972947026,6,0,43.0,False,eu_500
8912752758,129,1888145667,73,0,24.0,False,eu_500
8912752758,130,1867567052,135,0,51.0,False,eu_500
8912752758,131,366288112,40,0,43.0,False,eu_500
8912752758,132,1039356851,114,0,35.0,False,eu_500
8912752763,0,893877120,54,0,24.0,False,eu_500
8912752763,1,107725891,13,0,44.0,False,eu_500
8912752763,2,348845277,75,0,42.0,False,eu_500
8912752763,3,180085319,69,0,43.0,False,eu_500
8912752763,4,114259018,3,0,42.0,False,eu_500
8912752763,128,1240064645,84,0,43.0,False,eu_500
8912752763,129,101650360,86,0,32.0,False,eu_500
8912752763,130,472506112,95,0,43.0,False,eu_500
8912752763,131,201270044,46,0,,False,eu_500
8912752763,132,939376904,44,0,33.0,False,eu_500
8912752771,0,330455203,74,0,63.0,False,eu_500
8912752771,1,367568612,88,0,63.0,False,eu_500
8912752771,2,868334421,16,0,63.0,False,eu_500
8912752771,3,408044051,7,0,64.0,False,eu_500
8912752771,4,844976698,36,0,63.0,False,eu_500
8912752771,128,1207210541,119,0,52.0,False,eu_500
8912752771,129,1475598005,106,0,61.0,False,eu_500
8912752771,130,1229793085,60,0,52.0,False,eu_500
8912752771,131,1606073084,12,0,64.0,False,eu_500
8912752771,132,1174880011,128,0,61.0,False,eu_500
8912752784,0,913783872,120,0,80.0,False,eu_500
8912752784,1,1548350681,42,0,80.0,False,eu_500
8912752784,2,308233948,79,0,80.0,False,eu_500
8912752784,3,119436211,73,0,80.0,False,eu_500
8912752784,4,1526516171,22,0,80.0,False,eu_500
8912752784,128,171391814,58,0,80.0,False,eu_500
8912752784,129,1108955746,105,0,80.0,False,eu_500
8912752784,130,181738702,6,0,80.0,False,eu_500
8912752784,131,385496856,3,0,80.0,False,eu_500
8912752784,132,1008547933,17,0,80.0,False,eu_500
8912752787,0,208085308,21,0,80.0,False,eu_500
8912752787,1,110818041,36,0,80.0,False,eu_500
8912752787,2,272801744,5,0,80.0,False,eu_500
8912752787,3,82680577,84,0,80.0,False,eu_500
8912752787,4,157636721,31,0,80.0,False,eu_500
8912752787,128,1313380845,88,0,80.0,False,eu_500
8912752787,129,187190376,2,0,75.0,False,eu_500
8912752787,130,141615916,67,0,80.0,False,eu_500
8912752787,131,247600417,7,0,80.0,False,eu_500
8912752787,132,198535545,86,0,80.0,False,eu_500
8912752802,0,900206116,112,0,31.0,False,eu_500
8912752802,1,451611544,79,0,32.0,False,eu_500
8912752802,2,1084501601,106,0,24.0,False,eu_500
8912752802,3,418666512,18,0,24.0,False,eu_500
8912752802,4,871369411,96,0,32.0,False,eu_500
8912752802,128,1186542623,63,0,23.0,False,eu_500
8912752802,129,1068745568,128,0,41.0,False,eu_500
8912752802,130,1185477400,84,0,25.0,False,eu_500
8912752802,131,783693031,75,0,22.0,False,eu_500
8912752802,132,1325674329,138,0,23.0,False,eu_500
8912752812,0,777374156,83,0,35.0,False,eu_500
8912752812,1,1737402214,70,0,31.0,False,eu_500
8912752812,2,1539576858,136,0,15.0,False,eu_500
8912752812,3,785120735,34,0,22.0,False,eu_500
8912752812,4,1131007571,9,1,,False,eu_500
8912752812,128,1419348044,91,0,35.0,False,eu_500
8912752812,129,447420174,96,0,33.0,False,eu_500
8912752812,130,970403184,41,0,35.0,False,eu_500
8912752812,131,417965758,14,0,,False,eu_500
8912752812,132,189972837,75,0,24.0,False,eu_500
8912752828,0,1795583654,74,0,22.0,False,eu_500
8912752828,1,1853517649,129,0,23.0,False,eu_500
8912752828,2,36275180,19,0,14.0,False,eu_500
8912752828,3,243914465,110,0,22.0,False,eu_500
8912752828,4,48407949,3,0,22.0,False,eu_500
8912752828,128,1183839283,6,0,14.0,False,eu_500
8912752828,129,1677589879,109,0,21.0,False,eu_500
8912752828,130,1045295209,45,0,,False,eu_500
8912752828,131,35719158,54,0,23.0,False,eu_500
8912752828,132,1224851826,72,0,13.0,False,eu_500
8912752830,0,1103830657,86,0,42.0,False,eu_500
8912752830,1,1259584841,128,0,54.0,False,eu_500
8912752830,2,1553383834,99,0,51.0,False,eu_500
8912752830,3,412695593,1,0,45.0,False,eu_500
8912752830,4,1235969698,45,0,52.0,False,eu_500
8912752830,128,880870501,5,0,53.0,False,eu_500
8912752830,129,457195824,28,0,51.0,False,eu_500
8912752830,130,784546041,26,0,51.0,False,eu_500
8912752830,131,1478166121,75,0,52.0,False,eu_500
8912752830,132,1238528999,11,0,51.0,False,eu_500
8912752836,0,72634790,74,0,63.0,False,eu_500
8912752836,1,119679948,129,0,65.0,False,eu_500
8912752836,2,32311320,123,0,62.0,False,eu_500
8912752836,3,200003279,44,0,62.0,False,eu_500
8912752836,4,197138066,75,0,64.0,False,eu_500
8912752836,128,156309440,51,0,64.0,False,eu_500
8912752836,129,913765203,22,0,65.0,False,eu_500
8912752836,130,111597441,87,0,63.0,False,eu_500
8912752836,131,1014238958,64,0,63.0,False,eu_500
8912752836,132,1535915548,145,0,51.0,False,eu_500
8912752840,0,1161772670,75,0,15.0,False,eu_500
8912752840,1,131132631,104,0,41.0,False,eu_500
8912752840,2,1424656229,11,0,51.0,False,eu_500
8912752840,3,1208337938,26,0,13.0,False,eu_500
8912752840,4,1524964046,1,0,31.0,False,eu_500
8912752840,128,1839152866,27,0,15.0,False,eu_500
8912752840,129,1903730792,10,0,42.0,False,eu_500
8912752840,130,441403541,36,0,34.0,False,eu_500
8912752840,131,1244922542,30,0,24.0,False,eu_500
8912752840,132,887279610,71,0,23.0,False,eu_500
8912752846,0,966877908,8,0,42.0,False,eu_500
8912752846,1,1597355978,25,0,15.0,False,eu_500
8912752846,2,209225470,14,0,42.0,False,eu_500
8912752846,3,1162763762,69,0,35.0,False,eu_500
8912752846,4,87280745,83,0,42.0,False,eu_500
8912752846,128,491729734,40,0,41.0,False,eu_500
8912752846,129,1081555429,54,0,35.0,False,eu_500
8912752846,130,1456249527,38,0,42.0,False,eu_500
8912752846,131,851575252,50,0,22.0,False,eu_500
8912752846,132,1161079276,29,0,42.0,False,eu_500
8912752854,0,420478760,48,0,24.0,False,eu_500
8912752854,1,1517128669,121,0,23.0,False,eu_500
8912752854,2,185453872,45,0,25.0,False,eu_500
8912752854,3,324963586,63,0,24.0,False,eu_500
8912752854,4,300849689,104,0,25.0,False,eu_500
8912752854,128,810416593,131,0,25.0,False,eu_500
8912752854,129,1806271632,26,0,15.0,False,eu_500
8912752854,130,1138007502,35,0,31.0,False,eu_500
8912752854,131,1883805183,42,0,15.0,False,eu_500
8912752854,132,197184277,8,0,25.0,False,eu_500
8912752856,0,227711463,74,0,54.0,False,eu_500
8912752856,1,1512819370,7,0,61.0,False,eu_500
8912752856,2,187337174,54,0,61.0,False,eu_500
8912752856,3,328393911,88,0,72.0,False,eu_500
8912752856,4,1041856822,73,0,75.0,False,eu_500
8912752856,128,397884018,44,0,73.0,False,eu_500
8912752856,129,490282415,21,0,62.0,False,eu_500
8912752856,130,92926809,50,0,65.0,False,eu_500
8912752856,131,275526812,135,0,74.0,False,eu_500
8912752856,132,162795584,31,0,51.0,False,eu_500
8912752859,0,430298025,22,0,22.0,False,eu_500
8912752859,1,318805383,6,0,23.0,False,eu_500
8912752859,2,90579559,123,0,15.0,False,eu_500
8912752859,3,106035097,105,0,24.0,False,eu_500
8912752859,4,755947581,38,0,,False,eu_500
8912752859,128,1079393324,54,0,22.0,False,eu_500
8912752859,129,1085152367,52,0,15.0,False,eu_500
8912752859,130,28815106,97,0,23.0,False,eu_500
8912752859,131,10047812,68,0,23.0,False,eu_500
8912752859,132,55102930,90,0,23.0,False,eu_500
8912752879,0,244320707,36,0,,False,eu_500
8912752879,1,371553421,97,0,54.0,False,eu_500
8912752879,2,159680061,27,0,54.0,False,eu_500
8912752879,3,190890668,6,1,61.0,False,eu_500
8912752879,4,1304263692,88,0,52.0,False,eu_500
8912752879,128,418944355,70,0,53.0,False,eu_500
8912752879,129,903885251,107,0,53.0,False,eu_500
8912752879,130,301180842,58,0,53.0,False,eu_500
8912752879,131,108153998,26,0,45.0,False,eu_500
8912752879,132,89571484,69,0,52.0,False,eu_500
8912752884,0,259950267,54,0,74.0,False,eu_500
8912752884,1,314097004,75,0,65.0,False,eu_500
8912752884,2,1756606914,123,0,72.0,False,eu_500
8912752884,3,1826088929,17,0,71.0,False,eu_500
8912752884,4,353645126,36,0,71.0,False,eu_500
8912752884,128,1799424977,53,0,71.0,False,eu_500
8912752884,129,189266767,7,0,62.0,False,eu_500
8912752884,130,1128382540,14,0,71.0,False,eu_500
8912752884,131,1151404875,93,0,72.0,False,eu_500
8912752884,132,1146743277,128,0,71.0,False,eu_500
8912752920,0,1549789619,7,0,21.0,False,eu_500
8912752920,1,1519218240,14,0,15.0,False,eu_500
8912752920,2,1071922936,75,0,23.0,False,eu_500
8912752920,3,1913032175,71,0,21.0,False,eu_500
8912752920,4,1901928418,1,0,24.0,False,eu_500
8912752920,128,1019042562,36,0,,False,eu_500
8912752920,129,1195789280,39,0,,False,eu_500
8912752920,130,467532878,27,0,,False,eu_500
8912752920,131,837635296,8,0,,False,eu_500
8912752920,132,117061183,74,1,21.0,False,eu_500
8912752922,0,414560533,96,0,55.0,False,eu_500
8912752922,1,207449602,145,0,61.0,False,eu_500
8912752922,2,1177470162,54,0,51.0,False,eu_500
8912752922,3,143473339,26,0,54.0,False,eu_500
8912752922,4,434196632,79,0,55.0,False,eu_500
8912752922,128,969327259,25,0,52.0,False,eu_500
8912752922,129,182908351,68,0,54.0,False,eu_500
8912752922,130,1897785953,72,0,55.0,False,eu_500
8912752922,131,1507677795,95,0,41.0,False,eu_500
8912752922,132,1181895825,2,1,55.0,False,eu_500
8912752925,0,8174285,26,0,34.0,False,eu_500
8912752925,1,844261973,28,0,34.0,False,eu_500
8912752925,2,1177606222,128,0,34.0,False,eu_500
8912752925,3,1423498030,70,0,34.0,False,eu_500
8912752925,4,1789913727,63,0,31.0,False,eu_500
8912752925,128,311225244,25,0,31.0,False,eu_500
8912752925,129,1036479940,4,0,33.0,False,eu_500
8912752925,130,1416480229,2,0,35.0,False,eu_500
8912752925,131,324626824,155,0,32.0,False,eu_500
8912752925,132,265169496,84,0,25.0,False,eu_500
8912752935,0,1710543037,26,0,21.0,False,eu_500
8912752935,1,1012180213,97,0,23.0,False,eu_500
8912752935,2,847124159,71,0,21.0,False,eu_500
8912752935,3,1300482505,35,1,31.0,False,eu_500
8912752935,4,1181267446,18,0,22.0,False,eu_500
8912752935,128,1591893373,12,0,21.0,False,eu_500
8912752935,129,1734641496,88,0,13.0,False,eu_500
8912752935,130,807313593,91,0,15.0,False,eu_500
8912752935,131,316692030,101,0,22.0,False,eu_500
8912752935,132,1142775258,7,0,15.0,False,eu_500
8912752937,0,454238601,14,0,52.0,False,eu_500
8912752937,1,92416272,9,0,52.0,False,eu_500
8912752937,2,197358941,45,0,43.0,False,eu_500
8912752937,3,1248167115,4,0,52.0,False,eu_500
8912752937,4,1408431380,11,0,52.0,False,eu_500
8912752937,128,196095413,145,0,51.0,False,eu_500
8912752937,129,1704835415,25,0,52.0,False,eu_500
8912752937,130,1069214088,7,0,52.0,False,eu_500
8912752937,131,824940385,113,0,41.0,False,eu_500
8912752937,132,1204864773,123,0,53.0,False,eu_500
8912752939,0,840332222,10,0,43.0,False,eu_500
8912752939,1,928436198,11,0,41.0,False,eu_500
8912752939,2,1317189237,71,0,24.0,False,eu_500
8912752939,3,136476515,105,0,24.0,False,eu_500
8912752939,4,176907645,88,0,44.0,False,eu_500
8912752939,128,123685661,128,0,51.0,False,eu_500
8912752939,129,252627569,33,0,41.0,False,eu_500
8912752939,130,169254177,76,0,41.0,False,eu_500
8912752939,131,114094296,54,0,21.0,False,eu_500
8912752939,132,62552164,31,0,43.0,False,eu_500
8912752949,0,397098576,37,0,33.0,False,eu_500
8912752949,1,104034655,1,0,35.0,False,eu_500
8912752949,2,131272920,22,0,41.0,False,eu_500
8912752949,3,112717191,39,0,42.0,False,eu_500
8912752949,4,59705,99,0,35.0,False,eu_500
8912752949,128,1043799745,123,0,34.0,False,eu_500
8912752949,129,92179554,68,0,22.0,False,eu_500
8912752949,130,875226116,12,1,42.0,False,eu_500
8912752949,131,330236138,38,0,41.0,False,eu_500
8912752949,132,1298939320,86,0,41.0,False,eu_500
8912752962,0,403119996,119,0,72.0,False,eu_500
8912752962,1,406802790,110,1,73.0,False,eu_500
8912752962,2,1312906349,113,1,72.0,False,eu_500
8912752962,3,444578064,35,0,72.0,False,eu_500
8912752962,4,126229851,48,0,72.0,False,eu_500
8912752962,128,118995909,137,0,72.0,False,eu_500
8912752962,129,406770718,67,0,72.0,False,eu_500
8912752962,130,144631998,128,0,64.0,False,eu_500
8912752962,131,134256995,86,0,72.0,False,eu_500
8912752962,132,294036319,104,0,65.0,False,eu_500
8912752963,0,406444236,104,0,80.0,False,eu_500
8912752963,1,360837196,126,0,80.0,False,eu_500
8912752963,2,123493707,31,0,80.0,False,eu_500
8912752963,3,137691826,121,0,80.0,False,eu_500
8912752963,4,155042853,145,0,80.0,False,eu_500
8912752963,128,161325262,21,0,80.0,False,eu_500
8912752963,129,344501867,135,1,80.0,False,eu_500
8912752963,130,100184675,6,0,80.0,False,eu_500
8912752963,131,168003480,74,0,80.0,False,eu_500
8912752963,132,104015215,128,0,80.0,False,eu_500
8912752968,0,875904658,128,0,44.0,False,eu_500
8912752968,1,120715656,123,0,44.0,False,eu_500
8912752968,2,1839642411,107,0,42.0,False,eu_500
8912752968,3,170004110,50,0,44.0,False,eu_500
8912752968,4,785382095,70,0,,False,eu_500
8912752968,128,1098349378,11,0,45.0,False,eu_500
8912752968,129,43897703,86,0,43.0,False,eu_500
8912752968,130,1097539415,14,0,44.0,False,eu_500
8912752968,131,323746380,44,0,44.0,False,eu_500
8912752968,132,67286984,60,0,45.0,False,eu_500
8912753002,0,1041056838,68,0,32.0,False,eu_500
8912753002,1,165059204,69,0,61.0,False,eu_500
8912753002,2,1114186290,1,0,42.0,False,eu_500
8912753002,3,1265080735,128,0,45.0,False,eu_500
8912753002,4,1191247908,17,0,45.0,False,eu_500
8912753002,128,748153574,126,0,51.0,False,eu_500
8912753002,129,1163667165,136,0,32.0,False,eu_500
8912753002,130,1031631148,14,0,53.0,False,eu_500
8912753002,131,1277142490,10,0,55.0,False,eu_500
8912753002,132,1820627229,92,0,32.0,False,eu_500
8912753026,0,753028302,44,0,,False,eu_500
8912753026,1,1712794256,39,0,31.0,False,eu_500
8912753026,2,1218210104,8,0,24.0,False,eu_500
8912753026,3,1560804976,84,0,15.0,False,eu_500
8912753026,4,346423965,20,0,23.0,False,eu_500
8912753026,128,1555848745,28,0,15.0,False,eu_500
8912753026,129,1289724303,27,0,,False,eu_500
8912753026,130,1127707644,12,1,24.0,False,eu_500
8912753026,131,1258062432,34,0,13.0,False,eu_500
8912753026,132,1842784028,50,0,12.0,False,eu_500
8912753039,0,1282017913,70,0,12.0,False,eu_500
8912753039,1,1528987309,28,0,12.0,False,eu_500
8912753039,2,1282743885,7,0,12.0,False,eu_500
8912753039,3,1053455303,6,0,,False,eu_500
8912753039,4,1154807242,82,0,15.0,False,eu_500
8912753039,128,780266149,86,0,11.0,False,eu_500
8912753039,129,115184470,22,0,13.0,False,eu_500
8912753039,130,1130208325,42,0,14.0,False,eu_500
8912753039,131,139261436,35,0,12.0,False,eu_500
8912753039,132,1675176708,104,0,14.0,False,eu_500
8912753067,0,89085888,111,0,43.0,False,eu_500
8912753067,1,42561856,64,0,44.0,False,eu_500
8912753067,2,200906045,53,0,,False,eu_500
8912753067,3,1004030731,48,0,34.0,False,eu_500
8912753067,4,1045595908,42,0,44.0,False,eu_500
8912753067,128,122620110,27,0,44.0,False,eu_500
8912753067,129,1177735793,137,0,44.0,False,eu_500
8912753067,130,1100395624,32,0,25.0,False,eu_500
8912753067,131,361980017,86,0,44.0,False,eu_500
8912753067,132,1044636274,90,0,34.0,False,eu_500
8912753071,0,1588834615,14,0,31.0,False,eu_500
8912753071,1,758904214,74,0,44.0,False,eu_500
8912753071,2,1057591594,80,0,41.0,False,eu_500
8912753071,3,182380120,27,0,45.0,False,eu_500
8912753071,4,1068923996,137,0,44.0,False,eu_500
8912753071,128,928139900,4,0,32.0,False,eu_500
8912753071,129,305222805,48,0,45.0,False,eu_500
8912753071,130,341443989,57,0,44.0,False,eu_500
8912753071,131,486481966,11,0,45.0,False,eu_500
8912753071,132,201728405,110,0,44.0,False,eu_500
8912753079,0,1851227253,79,0,,False,eu_500
8912753079,1,1112166679,11,0,,False,eu_500
8912753079,2,1469760870,100,0,,False,eu_500
8912753079,3,1103193392,60,0,24.0,False,eu_500
8912753079,4,1824998079,136,0,14.0,False,eu_500
8912753079,128,1264472049,34,0,12.0,False,eu_500
8912753079,129,812916179,104,0,21.0,False,eu_500
8912753079,130,833875252,44,0,14.0,False,eu_500
8912753079,131,1206454481,50,0,15.0,False,eu_500
8912753079,132,348799176,30,0,24.0,False,eu_500
8912753087,0,1442846312,128,0,13.0,False,eu_500
8912753087,1,1509422663,137,0,43.0,False,eu_500
8912753087,2,1850178248,83,0,25.0,False,eu_500
8912753087,3,1798460326,41,0,34.0,False,eu_500
8912753087,4,816738055,104,0,41.0,False,eu_500
8912753087,128,118986316,9,0,21.0,False,eu_500
8912753087,129,361751592,28,0,34.0,False,eu_500
8912753087,130,129599776,84,0,,False,eu_500
8912753087,131,404637298,81,0,42.0,False,eu_500
8912753087,132,302217863,63,0,44.0,False,eu_500
8912753094,0,928825456,101,0,,False,eu_500
8912753094,1,1082390747,2,0,35.0,False,eu_500
8912753094,2,108960259,23,0,33.0,False,eu_500
8912753094,3,159937998,1,0,42.0,False,eu_500
8912753094,4,203922366,5,0,44.0,False,eu_500
8912753094,128,178712260,67,0,41.0,False,eu_500
8912753094,129,111061038,34,0,43.0,False,eu_500
8912753094,130,90050661,123,0,43.0,False,eu_500
8912753094,131,165124011,71,0,45.0,False,eu_500
8912753094,132,113974712,60,0,35.0,False,eu_500
8912753117,0,1020813370,39,0,15.0,False,eu_500
8912753117,1,1833401388,85,0,12.0,False,eu_500
8912753117,2,1587555584,8,0,14.0,False,eu_500
8912753117,3,454778168,33,0,15.0,False,eu_500
8912753117,4,199977620,26,0,21.0,False,eu_500
8912753117,128,1024041259,22,0,13.0,False,eu_500
8912753117,129,825499752,9,0,15.0,False,eu_500
8912753117,130,1253306799,145,0,12.0,False,eu_500
8912753117,131,96909422,99,0,,False,eu_500
8912753117,132,118015076,63,0,14.0,False,eu_500
8912753120,0,160184293,111,0,23.0,False,eu_500
8912753120,1,1610682169,14,0,23.0,False,eu_500
8912753120,2,187004197,81,0,23.0,False,eu_500
8912753120,3,338082262,28,0,,False,eu_500
8912753120,4,75117091,64,0,23.0,False,eu_500
8912753120,128,135927248,71,0,14.0,False,eu_500
8912753120,129,145897258,80,0,23.0,False,eu_500
8912753120,130,1062725428,23,0,23.0,False,eu_500
8912753120,131,393640537,45,0,23.0,False,eu_500
8912753120,132,278270588,4,0,21.0,False,eu_500
8912753128,0,975612478,36,0,34.0,False,eu_500
8912753128,1,1278058795,86,0,45.0,False,eu_500
8912753128,2,1013078871,121,0,34.0,False,eu_500
8912753128,3,1044262725,6,0,43.0,False,eu_500
8912753128,4,298857470,35,0,34.0,False,eu_500
8912753128,128,44647138,37,0,25.0,False,eu_500
8912753128,129,913822321,123,0,42.0,False,eu_500
8912753128,130,1120433721,95,0,31.0,False,eu_500
8912753128,131,1260380939,2,0,41.0,False,eu_500
8912753128,132,1142648537,25,0,33.0,False,eu_500
8912753129,0,858403337,101,0,13.0,False,eu_500
8912753129,1,1255550225,36,0,,False,eu_500
8912753129,2,773823378,34,0,14.0,False,eu_500
8912753129,3,166270337,44,0,14.0,False,eu_500
8912753129,4,1743129789,121,0,22.0,False,eu_500
8912753129,128,1478574257,1,0,13.0,False,eu_500
8912753129,129,1270642364,91,0,21.0,False,eu_500
8912753129,130,909349310,22,1,15.0,False,eu_500
8912753129,131,1077756035,30,0,13.0,False,eu_500
8912753129,132,1008439776,11,0,14.0,False,eu_500
8912753140,0,1091644458,71,0,32.0,False,eu_500
8912753140,1,1076554141,53,0,45.0,False,eu_500
8912753140,2,1172020769,136,0,41.0,False,eu_500
8912753140,3,437618737,67,0,35.0,False,eu_500
8912753140,4,905696151,16,0,34.0,False,eu_500
8912753140,128,1289640753,26,0,41.0,False,eu_500
8912753140,129,1154477695,54,0,35.0,False,eu_500
8912753140,130,1067701491,86,0,24.0,False,eu_500
8912753140,131,252288939,17,0,42.0,False,eu_500
8912753140,132,1069545867,104,0,25.0,False,eu_500
8912753155,0,875423767,14,0,25.0,False,eu_500
8912753155,1,256000829,136,0,23.0,False,eu_500
8912753155,2,296377590,67,0,22.0,False,eu_500
8912753155,3,1920134849,39,0,51.0,False,eu_500
8912753155,4,1247450543,71,0,14.0,False,eu_500
8912753155,128,1539334667,36,0,32.0,False,eu_500
8912753155,129,737335149,62,0,31.0,False,eu_500
8912753155,130,914892457,100,0,41.0,False,eu_500
8912753155,131,387513849,65,1,,False,eu_500
8912753155,132,1161710963,48,0,14.0,False,eu_500
8912753163,0,142870365,102,1,43.0,False,eu_500
8912753163,1,292994998,27,0,51.0,False,eu_500
8912753163,2,228017570,54,0,35.0,False,eu_500
8912753163,3,212573670,5,0,43.0,False,eu_500
8912753163,4,275459464,112,0,34.0,False,eu_500
8912753163,128,1081199374,6,0,51.0,False,eu_500
8912753163,129,925283823,22,0,42.0,False,eu_500
8912753163,130,153480772,85,0,51.0,False,eu_500
8912753163,131,155916299,51,0,41.0,False,eu_500
8912753163,132,241862652,137,0,43.0,False,eu_500
8912753193,0,34164414,3,0,22.0,False,eu_500
8912753193,1,118466312,27,0,14.0,False,eu_500
8912753193,2,387299965,15,0,,False,eu_500
8912753193,3,771226106,11,0,12.0,False,eu_500
8912753193,4,1063366287,43,0,14.0,False,eu_500
8912753193,128,175405224,31,0,12.0,False,eu_500
8912753193,129,1177213289,74,0,12.0,False,eu_500
8912753193,130,1928545186,6,0,15.0,False,eu_500
8912753193,131,1128596892,21,0,14.0,False,eu_500
8912753193,132,1211251947,42,0,13.0,False,eu_500
8912753194,0,1032480747,120,0,61.0,False,eu_500
8912753194,1,96656195,128,0,65.0,False,eu_500
8912753194,2,1032307087,111,0,55.0,False,eu_500
8912753194,3,1049888919,109,0,72.0,False,eu_500
8912753194,4,122793470,85,0,54.0,False,eu_500
8912753194,128,1568563204,14,0,61.0,False,eu_500
8912753194,129,142514745,39,0,54.0,False,eu_500
8912753194,130,151045406,71,0,63.0,False,eu_500
8912753194,131,201202791,48,0,41.0,False,eu_500
8912753194,132,1012303485,11,0,61.0,False,eu_500
8912753196,0,1022906420,129,1,35.0,False,eu_500
8912753196,1,1667437596,30,0,32.0,False,eu_500
8912753196,2,1698443602,70,0,42.0,False,eu_500
8912753196,3,290021692,131,0,42.0,False,eu_500
8912753196,4,344602689,15,0,42.0,False,eu_500
8912753196,128,69665789,27,0,42.0,False,eu_500
8912753196,129,1235554228,14,0,42.0,False,eu_500
8912753196,130,1156826858,6,0,43.0,False,eu_500
8912753196,131,432659550,35,0,35.0,False,eu_500
8912753196,132,23138910,28,0,43.0,False,eu_500
8912753197,0,1682844939,87,0,25.0,False,eu_500
8912753197,1,1322974620,12,0,33.0,False,eu_500
8912753197,2,446739705,14,0,31.0,False,eu_500
8912753197,3,1595329406,97,0,31.0,False,eu_500
8912753197,4,225381758,39,0,31.0,False,eu_500
8912753197,128,924994235,74,0,31.0,False,eu_500
8912753197,129,1039997196,85,0,25.0,False,eu_500
8912753197,130,1514235799,6,0,31.0,False,eu_500
8912753197,131,1567222848,81,0,23.0,False,eu_500
8912753197,132,1136904092,90,0,34.0,False,eu_500
8912753208,0,231104722,5,0,42.0,False,eu_500
8912753208,1,311928073,110,0,44.0,False,eu_500
8912753208,2,133478773,2,0,35.0,False,eu_500
8912753208,3,118660612,4,0,44.0,False,eu_500
8912753208,4,118314909,59,0,34.0,False,eu_500
8912753208,128,1572326578,10,0,45.0,False,eu_500
8912753208,129,1218337030,105,0,35.0,False,eu_500
8912753208,130,188416626,84,0,23.0,False,eu_500
8912753208,131,1111158252,131,0,41.0,False,eu_500
8912753208,132,1209519576,36,0,41.0,False,eu_500
8912753214,0,80526746,35,0,22.0,False,eu_500
8912753214,1,1839444936,2,0,15.0,False,eu_500
8912753214,2,1049981929,44,1,25.0,False,eu_500
8912753214,3,1619552,14,0,25.0,False,eu_500
8912753214,4,1668403968,128,0,25.0,False,eu_500
8912753214,128,361657659,25,0,25.0,False,eu_500
8912753214,129,92667122,96,0,25.0,False,eu_500
8912753214,130,1269009181,85,0,25.0,False,eu_500
8912753214,131,151704984,8,0,23.0,False,eu_500
8912753214,132,1102745635,45,0,25.0,False,eu_500
8912753215,0,245537172,128,0,52.0,False,eu_500
8912753215,1,191686786,104,0,73.0,False,eu_500
8912753215,2,246425616,81,0,65.0,False,eu_500
8912753215,3,100484367,31,0,63.0,False,eu_500
8912753215,4,191496009,35,0,61.0,False,eu_500
8912753215,128,1299465703,86,0,61.0,False,eu_500
8912753215,129,1249790061,54,0,73.0,False,eu_500
8912753215,130,383348891,5,0,45.0,False,eu_500
8912753215,131,357122371,36,0,72.0,False,eu_500
8912753215,132,259247613,17,0,52.0,False,eu_500
8912753216,0,1263249496,2,0,42.0,False,eu_500
8912753216,1,1250613727,94,0,42.0,False,eu_500
8912753216,2,1611984396,62,0,41.0,False,eu_500
8912753216,3,57421774,86,0,41.0,False,eu_500
8912753216,4,329222134,26,0,41.0,False,eu_500
8912753216,128,1508299732,7,0,42.0,False,eu_500
8912753216,129,401936456,36,0,41.0,False,eu_500
8912753216,130,784819387,110,0,41.0,False,eu_500
8912753216,131,1050470070,75,0,22.0,False,eu_500
8912753216,132,1883084144,12,0,42.0,False,eu_500
8912753226,0,1511892779,86,0,72.0,False,eu_500
8912753226,1,120899703,2,0,72.0,False,eu_500
8912753226,2,875808238,5,0,73.0,False,eu_500
8912753226,3,250453619,105,0,74.0,False,eu_500
8912753226,4,808134168,61,0,73.0,False,eu_500
8912753226,128,1110195388,6,0,73.0,False,eu_500
8912753226,129,145978526,74,0,73.0,False,eu_500
8912753226,130,395725910,66,0,72.0,False,eu_500
8912753226,131,152711322,85,0,72.0,False,eu_500
8912753226,132,116153276,96,0,73.0,False,eu_500
8912753227,0,1122391825,28,0,34.0,False,eu_500
8912753227,1,1552343298,21,0,23.0,False,eu_500
8912753227,2,969166453,131,0,34.0,False,eu_500
8912753227,3,1221711816,6,0,33.0,False,eu_500
8912753227,4,1178414044,85,0,35.0,False,eu_500
8912753227,128,237379751,74,0,31.0,False,eu_500
8912753227,129,933873153,121,0,34.0,False,eu_500
8912753227,130,913812837,40,0,33.0,False,eu_500
8912753227,131,82886933,145,0,34.0,False,eu_500
8912753227,132,1072963428,137,0,24.0,False,eu_500
8912753232,0,1074321691,25,0,43.0,False,eu_500
8912753232,1,200769167,97,0,42.0,False,eu_500
8912753232,2,130489125,27,0,43.0,False,eu_500
8912753232,3,1648469536,98,0,41.0,False,eu_500
8912753232,4,1026008499,70,0,42.0,False,eu_500
8912753232,128,1023304219,104,1,42.0,False,eu_500
8912753232,129,120383388,35,0,42.0,False,eu_500
8912753232,130,1260088934,21,0,42.0,False,eu_500
8912753232,131,197556240,128,0,42.0,False,eu_500
8912753232,132,461908497,44,0,35.0,False,eu_500
8912753252,0,406188318,3,0,23.0,False,eu_500
8912753252,1,106489215,41,0,23.0,False,eu_500
8912753252,2,1056601628,14,0,24.0,False,eu_500
8912753252,3,1072780764,40,0,,False,eu_500
8912753252,4,352026386,49,0,22.0,False,eu_500
8912753252,128,316830590,93,0,23.0,False,eu_500
8912753252,129,1313183980,104,0,12.0,False,eu_500
8912753252,130,1536115086,123,0,15.0,False,eu_500
8912753252,131,193854802,35,0,23.0,False,eu_500
8912753252,132,810307287,85,0,24.0,False,eu_500
8912753255,0,86798637,128,0,75.0,False,eu_500
8912753255,1,116578741,97,0,75.0,False,eu_500
8912753255,2,862054949,26,0,72.0,False,eu_500
8912753255,3,1163545805,12,0,74.0,False,eu_500
8912753255,4,66107383,30,0,80.0,False,eu_500
8912753255,128,198626545,25,1,74.0,False,eu_500
8912753255,129,926390510,36,0,74.0,False,eu_500
8912753255,130,151457897,14,0,74.0,False,eu_500
8912753255,131,1561508362,110,0,74.0,False,eu_500
8912753255,132,1131421683,74,0,80.0,False,eu_500
8912753256,0,154311448,84,0,12.0,False,eu_500
8912753256,1,1927694760,35,0,21.0,False,eu_500
8912753256,2,1602595846,40,0,13.0,False,eu_500
8912753256,3,1281178669,93,0,,False,eu_500
8912753256,4,487767627,63,0,21.0,False,eu_500
8912753256,128,1856524204,43,0,12.0,False,eu_500
8912753256,129,1902207776,97,0,21.0,False,eu_500
8912753256,130,1083352300,104,0,13.0,False,eu_500
8912753256,131,66429359,16,0,15.0,False,eu_500
8912753256,132,817924553,14,0,13.0,False,eu_500
8912753260,0,1329820135,113,0,71.0,False,eu_500
8912753260,1,59812577,102,0,64.0,False,eu_500
8912753260,2,123821921,30,0,62.0,False,eu_500
8912753260,3,920337363,4,0,65.0,False,eu_500
8912753260,4,183753797,71,0,65.0,False,eu_500
8912753260,128,341403454,74,0,72.0,False,eu_500
8912753260,129,66745303,83,0,65.0,False,eu_500
8912753260,130,115865890,62,0,61.0,False,eu_500
8912753260,131,98002803,69,0,71.0,False,eu_500
8912753260,132,128750270,94,0,65.0,False,eu_500
8912753263,0,1924595922,26,0,12.0,False,eu_500
8912753263,1,1848422146,131,0,,False,eu_500
8912753263,2,1518854719,89,0,11.0,False,eu_500
8912753263,3,1846847152,101,0,,False,eu_500
8912753263,4,1773037646,25,0,11.0,False,eu_500
8912753263,128,1100913517,63,0,14.0,False,eu_500
8912753263,129,1788418302,84,0,13.0,False,eu_500
8912753263,130,1212558707,71,0,,False,eu_500
8912753263,131,1801217077,135,0,13.0,False,eu_500
8912753263,132,1849507719,6,0,13.0,False,eu_500
8912753295,0,75028480,67,0,80.0,False,eu_500
8912753295,1,129226544,84,0,80.0,False,eu_500
8912753295,2,60335523,27,0,80.0,False,eu_500
8912753295,3,158124513,40,0,,False,eu_500
8912753295,4,128760316,25,0,80.0,False,eu_500
8912753295,128,869942629,48,0,80.0,False,eu_500
8912753295,129,1007158396,31,0,80.0,False,eu_500
8912753295,130,206924607,135,0,80.0,False,eu_500
8912753295,131,199842899,74,0,80.0,False,eu_500
8912753295,132,836978748,107,0,80.0,False,eu_500
8912753296,0,172059114,68,1,44.0,False,eu_500
8912753296,1,230955563,4,0,53.0,False,eu_500
8912753296,2,1610071358,113,0,53.0,False,eu_500
8912753296,3,387936954,26,0,53.0,False,eu_500
8912753296,4,381070003,96,0,43.0,False,eu_500
8912753296,128,914253523,60,0,,False,eu_500
8912753296,129,101880984,112,0,53.0,False,eu_500
8912753296,130,1048539957,27,0,54.0,False,eu_500
8912753296,131,856905845,1,0,53.0,False,eu_500
8912753296,132,396737604,56,0,63.0,False,eu_500
8912753305,0,1922216412,120,1,80.0,False,eu_500
8912753305,1,914590346,20,0,80.0,False,eu_500
8912753305,2,1200992954,110,0,80.0,False,eu_500
8912753305,3,1076584988,75,1,80.0,False,eu_500
8912753305,4,51979510,90,0,80.0,False,eu_500
8912753305,128,90312938,6,0,80.0,False,eu_500
8912753305,129,130965253,83,0,80.0,False,eu_500
8912753305,130,127609384,17,0,80.0,False,eu_500
8912753305,131,1169440628,100,0,80.0,False,eu_500
8912753305,132,1674990935,22,0,80.0,False,eu_500
8912753314,0,897610043,22,0,51.0,False,eu_500
8912753314,1,1538351164,31,0,32.0,False,eu_500
8912753314,2,1619300100,128,0,33.0,False,eu_500
8912753314,3,106217827,97,0,,False,eu_500
8912753314,4,723934674,89,0,45.0,False,eu_500
8912753314,128,1482290518,107,0,35.0,False,eu_500
8912753314,129,1680297546,113,0,52.0,False,eu_500
8912753314,130,1142993479,56,0,42.0,False,eu_500
8912753314,131,385400520,21,0,53.0,False,eu_500
8912753314,132,132285592,58,0,34.0,False,eu_500
8912753318,0,155634804,64,0,32.0,False,eu_500
8912753318,1,33783418,18,0,24.0,False,eu_500
8912753318,2,295016517,98,0,,False,eu_500
8912753318,3,134870048,21,0,13.0,False,eu_500
8912753318,4,1041839629,137,0,24.0,False,eu_500
8912753318,128,135208598,1,0,21.0,False,eu_500
8912753318,129,1154565518,49,0,21.0,False,eu_500
8912753318,130,62585410,43,0,21.0,False,eu_500
8912753318,131,208572982,25,0,25.0,False,eu_500
8912753318,132,303209923,84,0,,False,eu_500
8912753320,0,1253964835,101,0,42.0,False,eu_500
8912753320,1,1561453407,85,0,23.0,False,eu_500
8912753320,2,1423906975,67,0,32.0,False,eu_500
8912753320,3,1316172069,16,0,35.0,False,eu_500
8912753320,4,846811362,74,0,41.0,False,eu_500
8912753320,128,1201321239,13,0,51.0,False,eu_500
8912753320,129,1291650994,7,0,44.0,False,eu_500
8912753320,130,353935546,22,0,32.0,False,eu_500
8912753320,131,346480441,1,0,53.0,False,eu_500
8912753320,132,329491373,30,0,24.0,False,eu_500
8912753322,0,1018409697,81,0,35.0,False,eu_500
8912753322,1,241539146,36,0,35.0,False,eu_500
8912753322,2,440044518,86,0,31.0,False,eu_500
8912753322,3,1204560712,67,0,32.0,False,eu_500
8912753322,4,1349733210,30,0,35.0,False,eu_500
8912753322,128,380348573,1,0,33.0,False,eu_500
8912753322,129,240301815,131,0,34.0,False,eu_500
8912753322,130,1625203853,128,0,35.0,False,eu_500
8912753322,131,1236126543,7,0,25.0,False,eu_500
8912753322,132,246385544,53,0,25.0,False,eu_500
8912753324,0,292023764,7,0,44.0,False,eu_500
8912753324,1,821885421,9,0,51.0,False,eu_500
8912753324,2,355225805,42,0,42.0,False,eu_500
8912753324,3,1580835547,22,0,,False,eu_500
8912753324,4,425525950,27,0,52.0,False,eu_500
8912753324,128,798679169,128,0,,False,eu_500
8912753324,129,1699564372,100,0,51.0,False,eu_500
8912753324,130,1203248647,95,0,41.0,False,eu_500
8912753324,131,857603071,63,0,44.0,False,eu_500
8912753324,132,880965615,78,0,52.0,False,eu_500
8912753332,0,997450513,109,0,53.0,False,eu_500
8912753332,1,118177035,70,0,42.0,False,eu_500
8912753332,2,1180805308,90,0,53.0,False,eu_500
8912753332,3,1447401267,38,0,54.0,False,eu_500
8912753332,4,216437211,111,0,51.0,False,eu_500
8912753332,128,250589863,93,0,53.0,False,eu_500
8912753332,129,112975909,23,0,53.0,False,eu_500
8912753332,130,133737279,98,0,54.0,False,eu_500
8912753332,131,150261514,26,0,53.0,False,eu_500
8912753332,132,904946113,35,0,52.0,False,eu_500
8912753341,0,1048105724,44,0,65.0,False,eu_500
8912753341,1,153602237,27,0,53.0,False,eu_500
8912753341,2,789233015,131,0,51.0,False,eu_500
8912753341,3,1409843491,129,0,35.0,False,eu_500
8912753341,4,1110340990,74,0,53.0,False,eu_500
8912753341,128,185544344,93,0,74.0,False,eu_500
8912753341,129,35169852,50,0,34.0,False,eu_500
8912753341,130,231071119,42,0,55.0,False,eu_500
8912753341,131,764872834,59,0,43.0,False,eu_500
8912753341,132,849667455,86,0,73.0,False,eu_500
8912753348,0,113694094,119,0,71.0,False,eu_500
8912753348,1,389565482,11,0,61.0,False,eu_500
8912753348,2,1348312028,50,0,71.0,False,eu_500
8912753348,3,1244571835,47,0,61.0,False,eu_500
8912753348,4,127472639,7,0,64.0,False,eu_500
8912753348,128,61948259,29,0,65.0,False,eu_500
8912753348,129,357259784,6,0,64.0,False,eu_500
8912753348,130,1008773233,27,0,62.0,False,eu_500
8912753348,131,295662514,86,0,63.0,False,eu_500
8912753348,132,368577529,113,0,65.0,False,eu_500
8912753364,0,1258777328,93,0,80.0,False,eu_500
8912753364,1,126418615,84,0,,False,eu_500
8912753364,2,1466839212,35,0,80.0,False,eu_500
8912753364,3,242525402,96,0,80.0,False,eu_500
8912753364,4,1026374666,85,0,75.0,False,eu_500
8912753364,128,54088388,27,0,80.0,False,eu_500
8912753364,129,236120009,5,0,75.0,False,eu_500
8912753364,130,1278126004,11,0,75.0,False,eu_500
8912753364,131,81993052,2,0,80.0,False,eu_500
8912753364,132,239116799,17,0,80.0,False,eu_500
8912753365,0,1148695283,90,0,,False,eu_500
8912753365,1,42017272,26,0,,False,eu_500
8912753365,2,447106307,49,0,,False,eu_500
8912753365,3,356462108,30,0,12.0,False,eu_500
8912753365,4,82078440,11,0,14.0,False,eu_500
8912753365,128,1885026690,71,0,13.0,False,eu_500
8912753365,129,1684593670,75,0,14.0,False,eu_500
8912753365,130,128140215,25,0,21.0,False,eu_500
8912753365,131,125601802,99,0,,False,eu_500
8912753365,132,934821179,15,0,12.0,False,eu_500
8912753380,0,1514584091,1,0,23.0,False,eu_500
8912753380,1,1243934138,42,0,31.0,False,eu_500
8912753380,2,1248642155,11,0,31.0,False,eu_500
8912753380,3,1259738565,31,0,33.0,False,eu_500
8912753380,4,974800824,128,0,32.0,False,eu_500
8912753380,128,923516220,74,0,,False,eu_500
8912753380,129,118064226,86,0,31.0,False,eu_500
8912753380,130,1063758317,67,0,13.0,False,eu_500
8912753380,131,1812897549,2,1,25.0,False,eu_500
8912753380,132,1737686924,79,0,31.0,False,eu_500
8912753383,0,887348385,114,0,31.0,False,eu_500
8912753383,1,1665124392,86,0,21.0,False,eu_500
8912753383,2,68666679,35,0,15.0,False,eu_500
8912753383,3,785321052,28,0,24.0,False,eu_500
8912753383,4,841735896,14,1,25.0,False,eu_500
8912753383,128,1144859444,109,0,34.0,False,eu_500
8912753383,129,1154623672,19,0,23.0,False,eu_500
8912753383,130,914444604,22,0,14.0,False,eu_500
8912753383,131,183245786,26,0,22.0,False,eu_500
8912753383,132,905959355,105,0,33.0,False,eu_500
8912753384,0,115960098,50,0,32.0,False,eu_500
8912753384,1,1053036024,6,0,21.0,False,eu_500
8912753384,2,43821186,7,0,24.0,False,eu_500
8912753384,3,72635920,104,0,32.0,False,eu_500
8912753384,4,49034200,67,0,32.0,False,eu_500
8912753384,128,272293880,14,0,32.0,False,eu_500
8912753384,129,359563274,75,0,32.0,False,eu_500
8912753384,130,135584058,28,0,31.0,False,eu_500
8912753384,131,328038799,73,0,22.0,False,eu_500
8912753384,132,878341348,44,0,33.0,False,eu_500
8912753385,0,182898564,1,0,63.0,False,eu_500
8912753385,1,191600351,79,0,51.0,False,eu_500
8912753385,2,136324344,113,0,61.0,False,eu_500
8912753385,3,1088224170,131,0,53.0,False,eu_500
8912753385,4,218475722,2,0,62.0,False,eu_500
8912753385,128,95459143,53,0,61.0,False,eu_500
8912753385,129,246009272,5,0,55.0,False,eu_500
8912753385,130,392004387,7,0,55.0,False,eu_500
8912753385,131,147336072,11,0,51.0,False,eu_500
8912753385,132,181689635,67,0,54.0,False,eu_500
8912753388,0,1868651035,11,0,42.0,False,eu_500
8912753388,1,1362462402,90,0,31.0,False,eu_500
8912753388,2,182207574,71,0,43.0,False,eu_500
8912753388,3,1227975181,41,0,35.0,False,eu_500
8912753388,4,108580726,22,0,35.0,False,eu_500
8912753388,128,1865387560,84,0,42.0,False,eu_500
8912753388,129,60751523,14,0,34.0,False,eu_500
8912753388,130,1200804116,38,0,34.0,False,eu_500
8912753388,131,447650055,39,0,42.0,False,eu_500
8912753388,132,196082321,1,0,45.0,False,eu_500
8912753389,0,893388510,26,0,54.0,False,eu_500
8912753389,1,1240609823,128,0,61.0,False,eu_500
8912753389,2,1100625055,109,0,55.0,False,eu_500
8912753389,3,152153098,99,0,61.0,False,eu_500
8912753389,4,1459640961,22,0,61.0,False,eu_500
8912753389,128,128847758,8,0,54.0,False,eu_500
8912753389,129,277832410,101,0,61.0,False,eu_500
8912753389,130,1519454618,11,0,53.0,False,eu_500
8912753389,131,131541446,87,0,62.0,False,eu_500
8912753389,132,1094654729,28,0,53.0,False,eu_500
8912753395,0,1446901047,60,0,13.0,False,eu_500
8912753395,1,808391188,67,0,21.0,False,eu_500
8912753395,2,818866405,74,0,22.0,False,eu_500
8912753395,3,1457792672,113,0,12.0,False,eu_500
8912753395,4,1031886194,91,0,15.0,False,eu_500
8912753395,128,1838175345,44,0,15.0,False,eu_500
8912753395,129,1193464314,104,0,,False,eu_500
8912753395,130,762551917,14,0,12.0,False,eu_500
8912753395,131,1096253064,34,0,13.0,False,eu_500
8912753395,132,761988307,17,0,,False,eu_500
8912753396,0,154037318,8,0,,False,eu_500
8912753396,1,1484496783,36,0,21.0,False,eu_500
8912753396,2,819549283,47,0,22.0,False,eu_500
8912753396,3,1668646974,22,0,21.0,False,eu_500
8912753396,4,1041854532,126,0,14.0,False,eu_500
8912753396,128,1882769603,42,0,14.0,False,eu_500
8912753396,129,828583487,5,0,22.0,False,eu_500
8912753396,130,1035982953,26,0,23.0,False,eu_500
8912753396,131,328264125,3,0,23.0,False,eu_500
8912753396,132,1795942389,1,0,,False,eu_500
8912753398,0,150368,2,0,21.0,False,eu_500
8912753398,1,1535538790,14,0,23.0,False,eu_500
8912753398,2,914838947,43,0,31.0,False,eu_500
8912753398,3,243556741,72,0,21.0,False,eu_500
8912753398,4,1697543684,135,0,23.0,False,eu_500
8912753398,128,1777686762,11,0,21.0,False,eu_500
8912753398,129,1263892374,129,0,22.0,False,eu_500
8912753398,130,396055066,74,0,23.0,False,eu_500
8912753398,131,218076522,121,0,23.0,False,eu_500
8912753398,132,1126640118,104,0,22.0,False,eu_500
8912753402,0,886497697,6,0,41.0,False,eu_500
8912753402,1,125521875,2,0,,False,eu_500
8912753402,2,1182407397,86,0,41.0,False,eu_500
8912753402,3,381875875,75,0,41.0,False,eu_500
8912753402,4,466248388,90,0,34.0,False,eu_500
8912753402,128,334328533,128,0,43.0,False,eu_500
8912753402,129,1505731469,113,0,33.0,False,eu_500
8912753402,130,1131751827,44,0,41.0,False,eu_500
8912753402,131,259372151,30,0,35.0,False,eu_500
8912753402,132,171322471,63,0,41.0,False,eu_500
8912753403,0,876711952,26,0,42.0,False,eu_500
8912753403,1,893540988,96,0,34.0,False,eu_500
8912753403,2,462356304,75,0,,False,eu_500
8912753403,3,1851684087,34,0,31.0,False,eu_500
8912753403,4,1582130376,6,0,32.0,False,eu_500
8912753403,128,338054544,22,0,41.0,False,eu_500
8912753403,129,818747206,32,0,44.0,False,eu_500
8912753403,130,1277993542,39,0,,False,eu_500
8912753403,131,1422679672,30,0,25.0,False,eu_500
8912753403,132,379661554,63,0,35.0,False,eu_500
8912753407,0,453409278,84,0,34.0,False,eu_500
8912753407,1,1587474055,92,0,35.0,False,eu_500
8912753407,2,1451343222,11,0,35.0,False,eu_500
8912753407,3,1034729313,114,0,35.0,False,eu_500
8912753407,4,160312430,155,0,34.0,False,eu_500
8912753407,128,1633237878,123,0,34.0,False,eu_500
8912753407,129,470939482,2,0,35.0,False,eu_500
8912753407,130,1145985515,26,0,34.0,False,eu_500
8912753407,131,1845207708,6,0,35.0,False,eu_500
8912753407,132,1115404287,52,0,32.0,False,eu_500
8912753408,0,1193792060,14,0,13.0,False,eu_500
8912753408,1,1225106213,44,0,13.0,False,eu_500
8912753408,2,1520924771,28,0,,False,eu_500
8912753408,3,1637966254,5,0,,False,eu_500
8912753408,4,187459357,32,0,,False,eu_500
8912753408,128,1685877555,2,0,,False,eu_500
8912753408,129,1903311087,11,0,12.0,False,eu_500
8912753408,130,1836695582,30,0,,False,eu_500
8912753408,131,332354147,40,0,,False,eu_500
8912753408,132,769885490,67,0,,False,eu_500
8912753410,0,1806531607,14,0,21.0,False,eu_500
8912753410,1,1127180686,42,0,25.0,False,eu_500
8912753410,2,1793427899,128,0,31.0,False,eu_500
8912753410,3,1780115427,18,0,31.0,False,eu_500
8912753410,4,1301865200,19,0,24.0,False,eu_500
8912753410,128,991055211,36,0,15.0,False,eu_500
8912753410,129,775560747,105,0,,False,eu_500
8912753410,130,1199719349,41,0,24.0,False,eu_500
8912753410,131,815877722,12,0,,False,eu_500
8912753410,132,207099042,35,0,,False,eu_500
8912753424,0,238342213,5,0,22.0,False,eu_500
8912753424,1,1823523797,1,0,22.0,False,eu_500
8912753424,2,1843435635,33,0,31.0,False,eu_500
8912753424,3,195957308,25,0,22.0,False,eu_500
8912753424,4,826976174,15,0,23.0,False,eu_500
8912753424,128,1612472678,70,0,15.0,False,eu_500
8912753424,129,1606244655,30,0,24.0,False,eu_500
8912753424,130,125815976,42,0,22.0,False,eu_500
8912753424,131,324602219,21,0,24.0,False,eu_500
8912753424,132,1146449083,74,0,22.0,False,eu_500
8912753429,0,1329677460,18,0,52.0,False,eu_500
8912753429,1,1205477798,75,0,,False,eu_500
8912753429,2,1649080526,65,0,42.0,False,eu_500
8912753429,3,1677414695,111,0,45.0,False,eu_500
8912753429,4,38805431,60,0,32.0,False,eu_500
8912753429,128,212199050,11,1,42.0,False,eu_500
8912753429,129,115418653,88,0,61.0,False,eu_500
8912753429,130,1870661139,14,1,51.0,False,eu_500
8912753429,131,1267322215,38,0,34.0,False,eu_500
8912753429,132,1680106778,129,1,31.0,False,eu_500
8912753441,0,123494674,55,0,21.0,False,eu_500
8912753441,1,898424680,44,0,,False,eu_500
8912753441,2,1586773226,84,0,34.0,False,eu_500
8912753441,3,1206575667,86,0,35.0,False,eu_500
8912753441,4,54187749,30,0,35.0,False,eu_500
8912753441,128,155731158,18,0,43.0,False,eu_500
8912753441,129,1068095307,11,0,24.0,False,eu_500
8912753441,130,1245164616,14,0,33.0,False,eu_500
8912753441,131,189438023,81,0,,False,eu_500
8912753441,132,1291435871,68,0,41.0,False,eu_500
8912753443,0,1702098831,2,0,42.0,False,eu_500
8912753443,1,1242001076,84,0,42.0,False,eu_500
8912753443,2,175084660,21,0,35.0,False,eu_500
8912753443,3,85896842,32,0,43.0,False,eu_500
8912753443,4,104675518,6,0,43.0,False,eu_500
8912753443,128,133594598,63,0,41.0,False,eu_500
8912753443,129,222427078,94,0,43.0,False,eu_500
8912753443,130,1203809671,14,0,35.0,False,eu_500
8912753443,131,1128051881,70,0,43.0,False,eu_500
8912753443,132,1305561279,50,0,32.0,False,eu_500
8912753446,0,1140571276,95,0,43.0,False,eu_500
8912753446,1,104197509,31,0,41.0,False,eu_500
8912753446,2,1902192500,29,0,41.0,False,eu_500
8912753446,3,106780041,64,0,43.0,False,eu_500
8912753446,4,983670570,25,0,43.0,False,eu_500
8912753446,128,1057389623,62,0,33.0,False,eu_500
8912753446,129,359677707,39,0,42.0,False,eu_500
8912753446,130,840000180,16,0,35.0,False,eu_500
8912753446,131,197132285,8,0,52.0,False,eu_500
8912753446,132,55031560,110,0,42.0,False,eu_500
8912753457,0,738316032,6,0,24.0,False,eu_500
8912753457,1,1287483328,101,0,,False,eu_500
8912753457,2,289009292,74,0,15.0,False,eu_500
8912753457,3,844269329,25,0,23.0,False,eu_500
8912753457,4,1129301064,19,0,21.0,False,eu_500
8912753457,128,175415820,64,0,22.0,False,eu_500
8912753457,129,981077784,40,0,23.0,False,eu_500
8912753457,130,198012956,104,0,15.0,False,eu_500
8912753457,131,910716445,47,0,22.0,False,eu_500
8912753457,132,779591081,21,0,,False,eu_500
8912753459,0,815439247,6,0,63.0,False,eu_500
8912753459,1,1060297609,64,0,55.0,False,eu_500
8912753459,2,1915830044,128,0,61.0,False,eu_500
8912753459,3,250252045,71,0,64.0,False,eu_500
8912753459,4,1625602359,16,0,63.0,False,eu_500
8912753459,128,1833406802,40,0,61.0,False,eu_500
8912753459,129,1256457782,47,0,62.0,False,eu_500
8912753459,130,1722032454,41,1,64.0,False,eu_500
8912753459,131,154054934,91,0,61.0,False,eu_500
8912753459,132,858671564,107,0,54.0,False,eu_500
8912753470,0,1177320635,54,0,45.0,False,eu_500
8912753470,1,1090031391,39,0,53.0,False,eu_500
8912753470,2,367033660,2,0,53.0,False,eu_500
8912753470,3,122333770,14,0,45.0,False,eu_500
8912753470,4,1055995676,7,0,52.0,False,eu_500
8912753470,128,39600173,3,0,52.0,False,eu_500
8912753470,129,893775827,60,0,53.0,False,eu_500
8912753470,130,167766032,121,0,53.0,False,eu_500
8912753470,131,763284675,10,0,,False,eu_500
8912753470,132,1435093398,74,0,43.0,False,eu_500
8912753491,0,441729619,107,0,53.0,False,eu_500
8912753491,1,250768356,93,0,71.0,False,eu_500
8912753491,2,184896067,6,0,64.0,False,eu_500
8912753491,3,356028305,85,0,72.0,False,eu_500
8912753491,4,136265697,35,0,72.0,False,eu_500
8912753491,128,286424794,104,0,65.0,False,eu_500
8912753491,129,863973621,14,0,71.0,False,eu_500
8912753491,130,315340000,67,0,73.0,False,eu_500
8912753491,131,893346515,105,0,63.0,False,eu_500
8912753491,132,1158988021,25,0,73.0,False,eu_500
8912753495,0,207991706,97,0,32.0,False,eu_500
8912753495,1,103271368,75,0,42.0,False,eu_500
8912753495,2,341184268,20,0,42.0,False,eu_500
8912753495,3,1428885225,17,0,42.0,False,eu_500
8912753495,4,210433533,7,0,43.0,False,eu_500
8912753495,128,185495706,47,0,42.0,False,eu_500
8912753495,129,135915452,25,0,42.0,False,eu_500
8912753495,130,164672848,53,0,42.0,False,eu_500
8912753495,131,124169637,14,0,42.0,False,eu_500
8912753495,132,122811054,67,0,42.0,False,eu_500
8912753497,0,1120833635,48,1,32.0,False,eu_500
8912753497,1,921622596,29,0,25.0,False,eu_500
8912753497,2,204712007,9,0,33.0,False,eu_500
8912753497,3,298332260,136,0,34.0,False,eu_500
8912753497,4,1560505901,113,0,33.0,False,eu_500
8912753497,128,100289003,38,0,31.0,False,eu_500
8912753497,129,1599701007,121,0,35.0,False,eu_500
8912753497,130,1102655440,114,0,34.0,False,eu_500
8912753497,131,449184895,14,0,34.0,False,eu_500
8912753497,132,1434073872,25,0,34.0,False,eu_500
8912753503,0,253629767,26,0,54.0,False,eu_500
8912753503,1,116033119,34,0,53.0,False,eu_500
8912753503,2,322849656,66,0,54.0,False,eu_500
8912753503,3,922463662,1,0,53.0,False,eu_500
8912753503,4,146518175,77,0,62.0,False,eu_500
8912753503,128,1052625995,105,0,52.0,False,eu_500
8912753503,129,811531041,123,0,61.0,False,eu_500
8912753503,130,1788828119,21,0,31.0,False,eu_500
8912753503,131,1429352680,94,0,55.0,False,eu_500
8912753503,132,1300599870,121,0,52.0,False,eu_500
8912753518,0,1593361125,104,1,73.0,False,eu_500
8912753518,1,1555283850,36,1,73.0,False,eu_500
8912753518,2,886005498,74,0,73.0,False,eu_500
8912753518,3,1048972025,41,0,72.0,False,eu_500
8912753518,4,1095469495,26,0,73.0,False,eu_500
8912753518,128,248358739,2,0,73.0,False,eu_500
8912753518,129,1049389580,93,0,73.0,False,eu_500
8912753518,130,1604461619,128,0,73.0,False,eu_500
8912753518,131,173969066,25,0,72.0,False,eu_500
8912753518,132,1284282234,110,0,72.0,False,eu_500
8912753522,0,1812218714,86,0,23.0,False,eu_500
8912753522,1,124337493,43,1,32.0,False,eu_500
8912753522,2,747647534,36,0,34.0,False,eu_500
8912753522,3,115238598,81,0,31.0,False,eu_500
8912753522,4,1150819680,6,0,14.0,False,eu_500
8912753522,128,126952582,138,0,33.0,False,eu_500
8912753522,129,322874111,60,0,15.0,False,eu_500
8912753522,130,250416185,121,0,32.0,False,eu_500
8912753522,131,120839768,14,0,33.0,False,eu_500
8912753522,132,824520540,67,0,15.0,False,eu_500
8912753539,0,812121878,31,1,35.0,False,eu_500
8912753539,1,1155484643,121,0,43.0,False,eu_500
8912753539,2,1566638304,4,0,43.0,False,eu_500
8912753539,3,166800706,2,0,42.0,False,eu_500
8912753539,4,794692662,22,0,44.0,False,eu_500
8912753539,128,183650291,21,0,44.0,False,eu_500
8912753539,129,373985732,1,0,44.0,False,eu_500
8912753539,130,105474067,26,0,44.0,False,eu_500
8912753539,131,1092094738,128,0,44.0,False,eu_500
8912753539,132,120011557,110,0,41.0,False,eu_500
8912753546,0,1173015514,105,0,,False,eu_500
8912753546,1,341587504,128,0,12.0,False,eu_500
8912753546,2,733088260,12,0,,False,eu_500
8912753546,3,1257698864,29,0,,False,eu_500
8912753546,4,1528091226,50,0,,False,eu_500
8912753546,128,784138395,17,0,14.0,False,eu_500
8912753546,129,58876549,30,0,24.0,False,eu_500
8912753546,130,1631279819,6,0,23.0,False,eu_500
8912753546,131,1635642598,104,0,14.0,False,eu_500
8912753546,132,804656896,26,0,25.0,False,eu_500
8912753553,0,279032272,59,0,45.0,False,eu_500
8912753553,1,112878613,47,0,51.0,False,eu_500
8912753553,2,1715018182,105,1,51.0,False,eu_500
8912753553,3,322764820,14,0,51.0,False,eu_500
8912753553,4,1848835553,1,0,45.0,False,eu_500
8912753553,128,1433276122,26,0,51.0,False,eu_500
8912753553,129,1187359983,93,0,42.0,False,eu_500
8912753553,130,815567283,106,0,34.0,False,eu_500
8912753553,131,1792645092,22,0,51.0,False,eu_500
8912753553,132,1529895887,101,0,51.0,False,eu_500
8912753568,0,238447697,50,1,,False,eu_500
8912753568,1,786281419,40,0,71.0,False,eu_500
8912753568,2,911253840,85,0,34.0,False,eu_500
8912753568,3,1049623764,53,0,62.0,False,eu_500
8912753568,4,845381639,97,0,61.0,False,eu_500
8912753568,128,93708595,1,0,64.0,False,eu_500
8912753568,129,1651822824,128,0,43.0,False,eu_500
8912753568,130,239682653,20,0,61.0,False,eu_500
8912753568,131,94437806,96,0,45.0,False,eu_500
8912753568,132,221715865,105,0,51.0,False,eu_500
8912753569,0,1564717372,107,0,34.0,False,eu_500
8912753569,1,1615242810,90,0,44.0,False,eu_500
8912753569,2,341512198,128,0,25.0,False,eu_500
8912753569,3,1675336351,11,0,31.0,False,eu_500
8912753569,4,1674298011,100,0,21.0,False,eu_500
8912753569,128,1853097324,52,0,42.0,False,eu_500
8912753569,129,1825054692,14,0,23.0,False,eu_500
8912753569,130,1794590103,91,0,,False,eu_500
8912753569,131,110003202,9,0,42.0,False,eu_500
8912753569,132,1267425112,42,0,22.0,False,eu_500
8912753571,0,353982532,128,0,51.0,False,eu_500
8912753571,1,1070101440,36,0,54.0,False,eu_500
8912753571,2,1440677369,93,0,53.0,False,eu_500
8912753571,3,225416674,111,0,53.0,False,eu_500
8912753571,4,99746599,5,0,53.0,False,eu_500
8912753571,128,200898939,85,0,53.0,False,eu_500
8912753571,129,82206365,51,0,53.0,False,eu_500
8912753571,130,329358157,17,0,43.0,False,eu_500
8912753571,131,211330407,6,0,53.0,False,eu_500
8912753571,132,1146344696,19,0,53.0,False,eu_500
8912753572,0,1201420590,83,0,25.0,False,eu_500
8912753572,1,857214108,25,0,35.0,False,eu_500
8912753572,2,339690962,22,0,43.0,False,eu_500
8912753572,3,338051000,14,0,,False,eu_500
8912753572,4,461576254,128,0,32.0,False,eu_500
8912753572,128,433290726,21,0,35.0,False,eu_500
8912753572,129,836968578,85,0,33.0,False,eu_500
8912753572,130,1081353253,75,0,32.0,False,eu_500
8912753572,131,373023847,30,0,35.0,False,eu_500
8912753572,132,1586347292,90,0,24.0,False,eu_500
8912753585,0,468939808,85,0,,False,eu_500
8912753585,1,905775522,6,0,53.0,False,eu_500
8912753585,2,251407067,107,0,53.0,False,eu_500
8912753585,3,1044213170,39,0,53.0,False,eu_500
8912753585,4,213382958,64,0,53.0,False,eu_500
8912753585,128,1610631109,101,0,52.0,False,eu_500
8912753585,129,170332293,92,0,53.0,False,eu_500
8912753585,130,1465693317,120,0,51.0,False,eu_500
8912753585,131,1213053244,12,1,52.0,False,eu_500
8912753585,132,116202801,128,0,53.0,False,eu_500
8912753592,0,119115986,85,0,35.0,False,eu_500
8912753592,1,92390823,96,0,64.0,False,eu_500
8912753592,2,816786484,128,0,53.0,False,eu_500
8912753592,3,1090091263,74,0,52.0,False,eu_500
8912753592,4,1099932404,8,0,34.0,False,eu_500
8912753592,128,831712165,48,0,55.0,False,eu_500
8912753592,129,178129416,23,0,61.0,False,eu_500
8912753592,130,296727636,27,0,42.0,False,eu_500
8912753592,131,1533601451,104,0,64.0,False,eu_500
8912753592,132,1554114404,3,0,14.0,False,eu_500
8912753608,0,1242918832,74,0,52.0,False,eu_500
8912753608,1,883773294,85,0,52.0,False,eu_500
8912753608,2,114515504,93,0,54.0,False,eu_500
8912753608,3,203231023,29,0,51.0,False,eu_500
8912753608,4,301443624,31,0,51.0,False,eu_500
8912753608,128,195321104,119,0,51.0,False,eu_500
8912753608,129,1269501834,2,0,51.0,False,eu_500
8912753608,130,190474491,105,0,51.0,False,eu_500
8912753608,131,311248169,26,0,,False,eu_500
8912753608,132,119560183,1,0,52.0,False,eu_500
8912753611,0,76053862,42,0,32.0,False,eu_500
8912753611,1,1825583430,105,0,22.0,False,eu_500
8912753611,2,117807022,47,0,25.0,False,eu_500
8912753611,3,339518359,30,0,24.0,False,eu_500
8912753611,4,428344552,27,0,25.0,False,eu_500
8912753611,128,1225020591,101,0,31.0,False,eu_500
8912753611,129,1860736143,74,0,31.0,False,eu_500
8912753611,130,1457072820,104,0,25.0,False,eu_500
8912753611,131,91388429,44,0,31.0,False,eu_500
8912753611,132,118335993,31,0,31.0,False,eu_500
8912753613,0,25629834,29,0,35.0,False,eu_500
8912753613,1,116334362,44,0,41.0,False,eu_500
8912753613,2,1886400235,27,0,41.0,False,eu_500
8912753613,3,1770926410,90,0,42.0,False,eu_500
8912753613,4,1160917213,39,0,42.0,False,eu_500
8912753613,128,774411001,25,1,24.0,False,eu_500
8912753613,129,145535630,112,0,35.0,False,eu_500
8912753613,130,1276181460,12,0,41.0,False,eu_500
8912753613,131,1478987363,73,0,31.0,False,eu_500
8912753613,132,1272835228,71,0,32.0,False,eu_500
8912753618,0,986814248,128,1,35.0,False,eu_500
8912753618,1,813123516,48,1,42.0,False,eu_500
8912753618,2,1068409074,86,1,43.0,False,eu_500
8912753618,3,894504655,30,1,43.0,False,eu_500
8912753618,4,484631268,4,1,41.0,False,eu_500
8912753618,128,182264107,93,0,44.0,False,eu_500
8912753618,129,1776305721,27,0,23.0,False,eu_500
8912753618,130,115651099,67,0,43.0,False,eu_500
8912753618,131,356345819,16,0,32.0,False,eu_500
8912753618,132,1135925834,68,0,42.0,False,eu_500
8912753629,0,1552546204,7,0,41.0,False,eu_500
8912753629,1,350869679,37,0,22.0,False,eu_500
8912753629,2,1145724244,9,0,41.0,False,eu_500
8912753629,3,968565864,11,0,41.0,False,eu_500
8912753629,4,310793188,114,0,32.0,False,eu_500
8912753629,128,169970053,35,0,41.0,False,eu_500
8912753629,129,236318700,58,0,23.0,False,eu_500
8912753629,130,1220094734,2,0,41.0,False,eu_500
8912753629,131,109854156,128,0,,False,eu_500
8912753629,132,207308793,21,0,32.0,False,eu_500
8912753646,0,1270255576,70,0,51.0,False,eu_500
8912753646,1,967728359,49,1,53.0,False,eu_500
8912753646,2,420403562,22,0,,False,eu_500
8912753646,3,134095389,123,0,52.0,False,eu_500
8912753646,4,827629061,31,0,,False,eu_500
8912753646,128,804648467,36,0,42.0,False,eu_500
8912753646,129,101238181,9,0,45.0,False,eu_500
8912753646,130,109554754,104,0,52.0,False,eu_500
8912753646,131,1013093082,10,0,51.0,False,eu_500
8912753646,132,872381121,30,0,45.0,False,eu_500
8912753659,0,1440958817,8,0,,False,eu_500
8912753659,1,54795530,2,0,13.0,False,eu_500
8912753659,2,1887084356,26,0,,False,eu_500
8912753659,3,1555883557,37,0,21.0,False,eu_500
8912753659,4,747070980,74,0,,False,eu_500
8912753659,128,1589594351,123,0,,False,eu_500
8912753659,129,1861753878,48,0,,False,eu_500
8912753659,130,1537456357,104,0,,False,eu_500
8912753659,131,1100721299,90,0,,False,eu_500
8912753659,132,242502338,121,0,15.0,False,eu_500
8912753665,0,1056826852,67,0,75.0,False,eu_500
8912753665,1,1144481698,85,0,80.0,False,eu_500
8912753665,2,349996748,11,0,80.0,False,eu_500
8912753665,3,433059306,7,0,80.0,False,eu_500
8912753665,4,1013386398,55,0,80.0,False,eu_500
8912753665,128,1407589642,27,0,80.0,False,eu_500
8912753665,129,299489722,12,0,80.0,False,eu_500
8912753665,130,148596231,128,0,80.0,False,eu_500
8912753665,131,153851654,107,0,80.0,False,eu_500
8912753665,132,49113238,97,0,80.0,False,eu_500
8912753685,0,137108195,30,0,22.0,False,eu_500
8912753685,1,190429676,34,0,23.0,False,eu_500
8912753685,2,1239739485,6,0,22.0,False,eu_500
8912753685,3,124058502,26,0,,False,eu_500
8912753685,4,342889372,29,0,21.0,False,eu_500
8912753685,128,283868882,67,1,13.0,False,eu_500
8912753685,129,1165711658,44,0,22.0,False,eu_500
8912753685,130,33650199,31,0,22.0,False,eu_500
8912753685,131,196668440,40,0,14.0,False,eu_500
8912753685,132,1199727628,42,0,15.0,False,eu_500
8912753686,0,488916143,6,0,,False,eu_500
8912753686,1,49470873,131,0,61.0,False,eu_500
8912753686,2,401795879,71,0,52.0,False,eu_500
8912753686,3,322852795,35,0,54.0,False,eu_500
8912753686,4,173519694,7,0,45.0,False,eu_500
8912753686,128,361594292,28,0,54.0,False,eu_500
8912753686,129,1118727597,27,0,54.0,False,eu_500
8912753686,130,230202746,39,0,52.0,False,eu_500
8912753686,131,1530275776,109,0,52.0,False,eu_500
8912753686,132,1655597449,123,0,54.0,False,eu_500
8912753710,0,821826289,96,0,63.0,False,eu_500
8912753710,1,194830851,26,0,62.0,False,eu_500
8912753710,2,112335773,53,0,63.0,False,eu_500
8912753710,3,969989940,39,0,63.0,False,eu_500
8912753710,4,397356769,44,0,64.0,False,eu_500
8912753710,128,73811619,123,0,64.0,False,eu_500
8912753710,129,45074421,67,0,64.0,False,eu_500
8912753710,130,181777740,88,0,64.0,False,eu_500
8912753710,131,856732540,35,0,65.0,False,eu_500
8912753710,132,323134892,104,0,64.0,False,eu_500
8912753711,0,1673788533,123,0,55.0,False,eu_500
8912753711,1,1107504693,12,0,55.0,False,eu_500
8912753711,2,1822519784,13,0,53.0,False,eu_500
8912753711,3,214054017,29,0,55.0,False,eu_500
8912753711,4,181283081,68,0,55.0,False,eu_500
8912753711,128,110370758,111,0,55.0,False,eu_500
8912753711,129,1111388293,28,0,55.0,False,eu_500
8912753711,130,1418705817,106,0,55.0,False,eu_500
8912753711,131,1093390495,119,0,54.0,False,eu_500
8912753711,132,1040415003,138,0,52.0,False,eu_500
8912753713,0,904828866,97,0,80.0,False,eu_500
8912753713,1,1260749058,44,0,80.0,False,eu_500
8912753713,2,300152943,28,0,80.0,False,eu_500
8912753713,3,841679338,111,0,80.0,False,eu_500
8912753713,4,1665543456,66,0,80.0,False,eu_500
8912753713,128,1243957032,48,0,80.0,False,eu_500
8912753713,129,24972421,47,0,80.0,False,eu_500
8912753713,130,199876055,105,0,80.0,False,eu_500
8912753713,131,165789348,83,0,80.0,False,eu_500
8912753713,132,121635894,7,0,80.0,False,eu_500
8912753719,0,130179568,13,0,74.0,False,eu_500
8912753719,1,128195700,57,0,75.0,False,eu_500
8912753719,2,432741549,74,1,74.0,False,eu_500
8912753719,3,270369392,85,0,72.0,False,eu_500
8912753719,4,286286504,107,1,80.0,False,eu_500
8912753719,128,1617579206,71,0,80.0,False,eu_500
8912753719,129,125686649,26,0,75.0,False,eu_500
8912753719,130,1161714766,104,0,74.0,False,eu_500
8912753719,131,199211337,54,0,73.0,False,eu_500
8912753719,132,255402013,35,0,80.0,False,eu_500
8912753720,0,1086975192,135,0,42.0,False,eu_500
8912753720,1,786332780,86,0,51.0,False,eu_500
8912753720,2,1134567117,47,0,41.0,False,eu_500
8912753720,3,121071524,26,0,41.0,False,eu_500
8912753720,4,1117361629,73,0,53.0,False,eu_500
8912753720,128,164784641,25,0,53.0,False,eu_500
8912753720,129,1512005291,59,0,45.0,False,eu_500
8912753720,130,1178844139,104,0,51.0,False,eu_500
8912753720,131,940644869,44,0,43.0,False,eu_500
8912753720,132,980992479,131,0,51.0,False,eu_500
8912753726,0,839695149,55,0,43.0,False,eu_500
8912753726,1,1522512810,100,0,52.0,False,eu_500
8912753726,2,1474930929,76,0,43.0,False,eu_500
8912753726,3,116093119,9,0,23.0,False,eu_500
8912753726,4,160551531,12,0,34.0,False,eu_500
8912753726,128,150886220,27,0,32.0,False,eu_500
8912753726,129,1567122640,74,0,41.0,False,eu_500
8912753726,130,859719510,11,0,43.0,False,eu_500
8912753726,131,357690720,84,0,,False,eu_500
8912753726,132,1587303369,35,0,43.0,False,eu_500
8912753727,0,68853870,110,0,62.0,False,eu_500
8912753727,1,97034611,30,0,62.0,False,eu_500
8912753727,2,339226049,35,0,54.0,False,eu_500
8912753727,3,1182147963,44,0,62.0,False,eu_500
8912753727,4,903002983,104,0,62.0,False,eu_500
8912753727,128,200918422,7,0,62.0,False,eu_500
8912753727,129,35173663,86,0,62.0,False,eu_500
8912753727,130,100643731,75,0,61.0,False,eu_500
8912753727,131,135019969,59,0,61.0,False,eu_500
8912753727,132,34454463,6,1,55.0,False,eu_500
8912753736,0,257518804,21,0,61.0,False,eu_500
8912753736,1,1132181368,96,0,62.0,False,eu_500
8912753736,2,770542817,34,0,61.0,False,eu_500
8912753736,3,200146080,74,0,63.0,False,eu_500
8912753736,4,165278916,12,0,63.0,False,eu_500
8912753736,128,396905183,72,0,53.0,False,eu_500
8912753736,129,493574655,101,0,55.0,False,eu_500
8912753736,130,1167177539,71,0,55.0,False,eu_500
8912753736,131,389192620,79,0,64.0,False,eu_500
8912753736,132,135166132,48,0,55.0,False,eu_500
8912753737,0,307552118,59,0,,False,eu_500
8912753737,1,794136325,109,0,15.0,False,eu_500
8912753737,2,831970090,50,0,13.0,False,eu_500
8912753737,3,1915067988,104,0,,False,eu_500
8912753737,4,244869988,41,0,14.0,False,eu_500
8912753737,128,1300152866,6,0,21.0,False,eu_500
8912753737,129,797453916,112,0,23.0,False,eu_500
8912753737,130,1343179058,101,0,22.0,False,eu_500
8912753737,131,1929352185,14,0,,False,eu_500
8912753737,132,1816288296,30,0,21.0,False,eu_500
8912753742,0,1156748497,84,0,51.0,False,eu_500
8912753742,1,89453680,11,0,52.0,False,eu_500
8912753742,2,409385464,70,0,41.0,False,eu_500
8912753742,3,1690595543,2,1,33.0,False,eu_500
8912753742,4,288705308,35,0,52.0,False,eu_500
8912753742,128,90771066,6,0,51.0,False,eu_500
8912753742,129,104464317,81,0,52.0,False,eu_500
8912753742,130,304290235,14,0,45.0,False,eu_500
8912753742,131,130435961,74,0,41.0,False,eu_500
8912753742,132,146937821,96,0,52.0,False,eu_500
8912753744,0,1587956406,97,0,35.0,False,eu_500
8912753744,1,193095131,64,0,43.0,False,eu_500
8912753744,2,231929703,44,0,41.0,False,eu_500
8912753744,3,842698249,119,0,24.0,False,eu_500
8912753744,4,257390813,14,0,33.0,False,eu_500
8912753744,128,308058156,21,0,35.0,False,eu_500
8912753744,129,403668394,7,0,31.0,False,eu_500
8912753744,130,1912197616,12,0,25.0,False,eu_500
8912753744,131,1929214329,87,0,31.0,False,eu_500
8912753744,132,388039334,74,0,15.0,False,eu_500
8912753745,0,134664742,99,0,31.0,False,eu_500
8912753745,1,1706956497,8,0,42.0,False,eu_500
8912753745,2,1199764764,20,0,31.0,False,eu_500
8912753745,3,1869503261,25,0,34.0,False,eu_500
8912753745,4,266921244,105,0,42.0,False,eu_500
8912753745,128,1089990711,70,0,43.0,False,eu_500
8912753745,129,29543950,135,0,43.0,False,eu_500
8912753745,130,258896003,9,0,32.0,False,eu_500
8912753745,131,1582299476,71,0,41.0,False,eu_500
8912753745,132,370604148,101,0,43.0,False,eu_500
8912753771,0,115018876,15,0,61.0,False,eu_500
8912753771,1,142236896,88,0,62.0,False,eu_500
8912753771,2,338843265,27,0,61.0,False,eu_500
8912753771,3,228178,54,0,62.0,False,eu_500
8912753771,4,73308334,22,0,64.0,False,eu_500
8912753771,128,1159321138,48,0,55.0,False,eu_500
8912753771,129,450003084,14,0,62.0,False,eu_500
8912753771,130,1253949134,87,0,62.0,False,eu_500
8912753771,131,168469931,73,0,61.0,False,eu_500
8912753771,132,123203554,104,0,62.0,False,eu_500
8912753778,0,893270275,84,0,54.0,False,eu_500
8912753778,1,107102272,85,0,44.0,False,eu_500
8912753778,2,1292435070,48,0,52.0,False,eu_500
8912753778,3,1885573480,131,0,41.0,False,eu_500
8912753778,4,1026821037,135,0,52.0,False,eu_500
8912753778,128,1258804789,42,0,52.0,False,eu_500
8912753778,129,1267387397,12,0,52.0,False,eu_500
8912753778,130,1217488303,14,0,43.0,False,eu_500
8912753778,131,1525247463,11,0,53.0,False,eu_500
8912753778,132,1680793306,26,0,34.0,False,eu_500
8912753779,0,872903879,135,0,73.0,False,eu_500
8912753779,1,1047479202,54,0,74.0,False,eu_500
8912753779,2,91820438,72,0,73.0,False,eu_500
8912753779,3,55067351,123,0,71.0,False,eu_500
8912753779,4,470819641,126,0,74.0,False,eu_500
8912753779,128,189576051,114,0,72.0,False,eu_500
8912753779,129,1116309436,97,0,74.0,False,eu_500
8912753779,130,268319060,19,0,74.0,False,eu_500
8912753779,131,451802089,5,0,73.0,False,eu_500
8912753779,132,168420597,86,0,73.0,False,eu_500
8912753787,0,431333751,26,0,74.0,False,eu_500
8912753787,1,98847647,41,0,74.0,False,eu_500
8912753787,2,8696089,131,0,65.0,False,eu_500
8912753787,3,361378655,92,0,74.0,False,eu_500
8912753787,4,13160191,42,0,74.0,False,eu_500
8912753787,128,6434928,44,0,74.0,False,eu_500
8912753787,129,132992473,23,0,74.0,False,eu_500
8912753787,130,133389699,128,0,74.0,False,eu_500
8912753787,131,210685061,53,0,75.0,False,eu_500
8912753787,132,345909397,3,0,72.0,False,eu_500
8912753800,0,1505425628,29,0,31.0,False,eu_500
8912753800,1,1392797931,71,0,21.0,False,eu_500
8912753800,2,1024818774,15,0,25.0,False,eu_500
8912753800,3,1301048522,1,0,34.0,False,eu_500
8912753800,4,1745698155,22,0,12.0,False,eu_500
8912753800,128,1055592572,20,0,34.0,False,eu_500
8912753800,129,412067088,6,0,31.0,False,eu_500
8912753800,130,1928246086,34,0,32.0,False,eu_500
8912753800,131,875821062,21,0,25.0,False,eu_500
8912753800,132,379234090,131,0,41.0,False,eu_500
8912753801,0,1107302176,59,0,54.0,False,eu_500
8912753801,1,1455098388,128,0,33.0,False,eu_500
8912753801,2,163607300,102,0,41.0,False,eu_500
8912753801,3,465493556,54,0,43.0,False,eu_500
8912753801,4,1011686421,42,0,32.0,False,eu_500
8912753801,128,1415280620,23,0,32.0,False,eu_500
8912753801,129,1051549662,12,0,52.0,False,eu_500
8912753801,130,1792822174,37,0,23.0,False,eu_500
8912753801,131,1781087137,106,0,23.0,False,eu_500
8912753801,132,1742779196,3,0,61.0,False,eu_500
8912753809,0,426442837,138,0,54.0,False,eu_500
8912753809,1,427479241,14,0,54.0,False,eu_500
8912753809,2,369029708,30,0,54.0,False,eu_500
8912753809,3,104592697,99,0,54.0,False,eu_500
8912753809,4,171208171,91,0,53.0,False,eu_500
8912753809,128,160213859,67,0,61.0,False,eu_500
8912753809,129,124342597,26,0,51.0,False,eu_500
8912753809,130,120210846,126,0,54.0,False,eu_500
8912753809,131,162263450,72,0,35.0,False,eu_500
8912753809,132,319272331,36,0,54.0,False,eu_500
8912753810,0,1144592933,21,0,31.0,False,eu_500
8912753810,1,1186286480,104,0,11.0,False,eu_500
8912753810,2,1897822418,76,0,12.0,False,eu_500
8912753810,3,750717230,91,0,21.0,False,eu_500
8912753810,4,779335946,53,0,15.0,False,eu_500
8912753810,128,1899106770,86,0,13.0,False,eu_500
8912753810,129,1858884375,67,0,23.0,False,eu_500
8912753810,130,1134751659,83,0,13.0,False,eu_500
8912753810,131,1344223744,2,0,15.0,False,eu_500
8912753810,132,1148981117,137,0,13.0,False,eu_500
8912753823,0,1015092138,30,0,13.0,False,eu_500
8912753823,1,1796467795,61,0,15.0,False,eu_500
8912753823,2,1531924271,49,0,12.0,False,eu_500
8912753823,3,1544855079,71,0,,False,eu_500
8912753823,4,1839190567,12,0,13.0,False,eu_500
8912753823,128,1907620874,45,0,12.0,False,eu_500
8912753823,129,1127954794,63,0,14.0,False,eu_500
8912753823,130,1905664292,114,0,,False,eu_500
8912753823,131,198372435,53,0,14.0,False,eu_500
8912753823,132,320480115,6,0,21.0,False,eu_500
8912753824,0,358706955,22,0,,False,eu_500
8912753824,1,1048987838,96,0,31.0,False,eu_500
8912753824,2,798560803,67,0,32.0,False,eu_500
8912753824,3,1890978036,113,0,32.0,False,eu_500
8912753824,4,886757737,105,0,14.0,False,eu_500
8912753824,128,196293588,12,0,13.0,False,eu_500
8912753824,129,1103932077,123,0,31.0,False,eu_500
8912753824,130,1228100387,104,0,22.0,False,eu_500
8912753824,131,1243988265,11,0,24.0,False,eu_500
8912753824,132,1478038946,86,0,23.0,False,eu_500
8912753830,0,1284052555,8,0,44.0,False,eu_500
8912753830,1,1283371775,38,0,42.0,False,eu_500
8912753830,2,327210348,91,0,43.0,False,eu_500
8912753830,3,194364649,36,0,51.0,False,eu_500
8912753830,4,339323709,75,0,43.0,False,eu_500
8912753830,128,453023492,54,0,35.0,False,eu_500
8912753830,129,1429991350,128,0,51.0,False,eu_500
8912753830,130,121370998,20,0,45.0,False,eu_500
8912753830,131,220192250,101,0,52.0,False,eu_500
8912753830,132,122819796,121,0,42.0,False,eu_500
8912753832,0,144964225,7,0,32.0,False,eu_500
8912753832,1,1063519061,27,0,25.0,False,eu_500
8912753832,2,1110848734,145,0,42.0,False,eu_500
8912753832,3,980672450,42,0,34.0,False,eu_500
8912753832,4,1566987005,51,0,25.0,False,eu_500
8912753832,128,368066853,25,0,22.0,False,eu_500
8912753832,129,1364101226,41,0,32.0,False,eu_500
8912753832,130,1127540210,131,0,32.0,False,eu_500
8912753832,131,1156185251,5,0,43.0,False,eu_500
8912753832,132,785347964,69,0,31.0,False,eu_500
8912753839,0,152385115,42,0,51.0,False,eu_500
8912753839,1,185116554,5,0,62.0,False,eu_500
8912753839,2,121324830,86,0,51.0,False,eu_500
8912753839,3,1062902541,12,0,53.0,False,eu_500
8912753839,4,125589313,36,0,41.0,False,eu_500
8912753839,128,1189907911,25,0,25.0,False,eu_500
8912753839,129,823216123,27,0,61.0,False,eu_500
8912753839,130,896539122,18,0,42.0,False,eu_500
8912753839,131,382781617,105,0,43.0,False,eu_500
8912753839,132,307965786,20,0,64.0,False,eu_500
8912753841,0,933817783,11,0,32.0,False,eu_500
8912753841,1,98514154,31,0,32.0,False,eu_500
8912753841,2,1265314628,41,0,41.0,False,eu_500
8912753841,3,1595425700,70,0,35.0,False,eu_500
8912753841,4,88672593,37,0,34.0,False,eu_500
8912753841,128,254218663,27,0,35.0,False,eu_500
8912753841,129,120332426,73,0,41.0,False,eu_500
8912753841,130,820117501,128,1,31.0,False,eu_500
8912753841,131,1789763676,136,0,33.0,False,eu_500
8912753841,132,1842001800,44,0,41.0,False,eu_500
8912753842,0,100705142,2,0,23.0,False,eu_500
8912753842,1,383933889,7,0,24.0,False,eu_500
8912753842,2,199413511,101,0,24.0,False,eu_500
8912753842,3,1695297136,1,0,24.0,False,eu_500
8912753842,4,1136576233,61,0,15.0,False,eu_500
8912753842,128,800404823,98,0,24.0,False,eu_500
8912753842,129,320779935,64,0,24.0,False,eu_500
8912753842,130,1285328184,34,0,24.0,False,eu_500
8912753842,131,1913120841,41,0,21.0,False,eu_500
8912753842,132,926041253,30,0,22.0,False,eu_500
8912753866,0,109439023,28,0,41.0,False,eu_500
8912753866,1,271543604,41,0,35.0,False,eu_500
8912753866,2,135168638,75,0,35.0,False,eu_500
8912753866,3,1117060170,105,0,41.0,False,eu_500
8912753866,4,188402840,62,0,35.0,False,eu_500
8912753866,128,167135889,30,0,41.0,False,eu_500
8912753866,129,319602764,101,0,34.0,False,eu_500
8912753866,130,472190065,110,0,,False,eu_500
8912753866,131,174743389,16,0,33.0,False,eu_500
8912753866,132,122010597,54,0,41.0,False,eu_500
8912753881,0,487663795,11,0,35.0,False,eu_500
8912753881,1,812799373,45,0,,False,eu_500
8912753881,2,188250458,99,1,35.0,False,eu_500
8912753881,3,345804438,86,0,35.0,False,eu_500
8912753881,4,1445956808,43,1,15.0,False,eu_500
8912753881,128,312005561,101,0,35.0,False,eu_500
8912753881,129,783410865,46,0,35.0,False,eu_500
8912753881,130,1529520934,17,0,25.0,False,eu_500
8912753881,131,757263721,50,0,31.0,False,eu_500
8912753881,132,127752315,16,0,41.0,False,eu_500
8912753902,0,140485574,64,0,80.0,False,eu_500
8912753902,1,211591475,145,0,80.0,False,eu_500
8912753902,2,224986942,106,0,80.0,False,eu_500
8912753902,3,381329191,55,0,80.0,False,eu_500
8912753902,4,104821631,88,0,80.0,False,eu_500
8912753902,128,1088109917,54,0,80.0,False,eu_500
8912753902,129,907424386,123,0,80.0,False,eu_500
8912753902,130,160388633,131,0,80.0,False,eu_500
8912753902,131,276820868,107,0,80.0,False,eu_500
8912753902,132,376180265,29,0,80.0,False,eu_500
8912753915,0,85329927,14,0,44.0,False,eu_500
8912753915,1,68034006,90,0,13.0,False,eu_500
8912753915,2,1828069432,18,0,51.0,False,eu_500
8912753915,3,771806489,2,0,,False,eu_500
8912753915,4,798910309,85,0,13.0,False,eu_500
8912753915,128,1890867426,65,0,15.0,False,eu_500
8912753915,129,928479754,46,0,53.0,False,eu_500
8912753915,130,861291346,36,0,25.0,False,eu_500
8912753915,131,857383205,84,0,12.0,False,eu_500
8912753915,132,846333082,12,0,33.0,False,eu_500
8912753916,0,258516935,11,0,33.0,False,eu_500
8912753916,1,879835905,36,0,52.0,False,eu_500
8912753916,2,165049768,27,0,42.0,False,eu_500
8912753916,3,393785186,3,0,34.0,False,eu_500
8912753916,4,447827889,29,0,33.0,False,eu_500
8912753916,128,1568488342,12,0,43.0,False,eu_500
8912753916,129,1264697031,96,0,34.0,False,eu_500
8912753916,130,839309372,22,0,43.0,False,eu_500
8912753916,131,189986099,102,0,33.0,False,eu_500
8912753916,132,171656720,112,0,33.0,False,eu_500
8912753918,0,125881706,54,0,25.0,False,eu_500
8912753918,1,209740509,30,0,24.0,False,eu_500
8912753918,2,146704639,21,0,14.0,False,eu_500
8912753918,3,137238846,22,0,23.0,False,eu_500
8912753918,4,122513222,135,0,15.0,False,eu_500
8912753918,128,351809157,7,0,24.0,False,eu_500
8912753918,129,1223367173,105,0,,False,eu_500
8912753918,130,1263142384,74,0,,False,eu_500
8912753918,131,1166844296,27,0,15.0,False,eu_500
8912753918,132,1043872285,44,0,25.0,False,eu_500
8912753921,0,1164593715,92,0,21.0,False,eu_500
8912753921,1,1544898849,2,0,,False,eu_500
8912753921,2,378280793,35,0,15.0,False,eu_500
8912753921,3,303662060,27,0,13.0,False,eu_500
8912753921,4,1216182394,9,0,21.0,False,eu_500
8912753921,128,1055500859,105,0,12.0,False,eu_500
8912753921,129,346411432,67,0,21.0,False,eu_500
8912753921,130,1042982372,74,0,14.0,False,eu_500
8912753921,131,485317534,26,0,21.0,False,eu_500
8912753921,132,117433252,42,0,15.0,False,eu_500
8912753922,0,1614756740,21,0,24.0,False,eu_500
8912753922,1,1674325604,17,0,15.0,False,eu_500
8912753922,2,815644016,104,0,,False,eu_500
8912753922,3,1739765112,74,0,14.0,False,eu_500
8912753922,4,1886435580,6,0,14.0,False,eu_500
8912753922,128,1584762847,129,0,,False,eu_500
8912753922,129,1853719748,22,0,15.0,False,eu_500
8912753922,130,1077141851,53,0,14.0,False,eu_500
8912753922,131,1597687778,34,0,13.0,False,eu_500
8912753922,132,1138248016,12,0,15.0,False,eu_500
8912753930,0,96071525,39,0,64.0,False,eu_500
8912753930,1,319177542,110,0,63.0,False,eu_500
8912753930,2,145770824,51,0,64.0,False,eu_500
8912753930,3,1009583493,14,0,62.0,False,eu_500
8912753930,4,403932454,30,0,61.0,False,eu_500
8912753930,128,181903611,50,0,65.0,False,eu_500
8912753930,129,435609843,2,0,55.0,False,eu_500
8912753930,130,1054121152,1,0,55.0,False,eu_500
8912753930,131,1262103459,17,0,64.0,False,eu_500
8912753930,132,235649137,22,0,62.0,False,eu_500
8912753933,0,88104649,6,0,44.0,False,eu_500
8912753933,1,372929125,87,0,43.0,False,eu_500
8912753933,2,175174891,129,0,44.0,False,eu_500
8912753933,3,1028345412,121,0,43.0,False,eu_500
8912753933,4,161829643,25,0,43.0,False,eu_500
8912753933,128,184801696,30,0,44.0,False,eu_500
8912753933,129,301590130,47,0,34.0,False,eu_500
8912753933,130,238580243,27,0,43.0,False,eu_500
8912753933,131,1026360690,96,0,44.0,False,eu_500
8912753933,132,919098150,48,0,44.0,False,eu_500
8912753946,0,842955702,47,0,74.0,False,eu_500
8912753946,1,133537697,86,0,74.0,False,eu_500
8912753946,2,1096226297,17,0,75.0,False,eu_500
8912753946,3,127503820,85,0,80.0,False,eu_500
8912753946,4,170595042,1,0,80.0,False,eu_500
8912753946,128,364704710,19,0,74.0,False,eu_500
8912753946,129,1177839527,71,0,75.0,False,eu_500
8912753946,130,205085652,31,0,74.0,False,eu_500
8912753946,131,395419060,121,0,75.0,False,eu_500
8912753946,132,177495082,74,0,75.0,False,eu_500
8912753947,0,1246279817,11,0,42.0,False,eu_500
8912753947,1,1673360937,46,0,23.0,False,eu_500
8912753947,2,1866750663,110,0,33.0,False,eu_500
8912753947,3,1289529405,135,0,33.0,False,eu_500
8912753947,4,172598413,35,0,42.0,False,eu_500
8912753947,128,875559523,76,0,32.0,False,eu_500
8912753947,129,820961456,99,0,33.0,False,eu_500
8912753947,130,163792174,41,0,33.0,False,eu_500
8912753947,131,357223841,74,0,32.0,False,eu_500
8912753947,132,330421285,79,0,24.0,False,eu_500
8912753948,0,58768726,20,0,52.0,False,eu_500
8912753948,1,133268156,11,0,44.0,False,eu_500
8912753948,2,161286953,137,0,51.0,False,eu_500
8912753948,3,68019502,87,0,51.0,False,eu_500
8912753948,4,134368483,9,0,51.0,False,eu_500
8912753948,128,233360374,106,0,52.0,False,eu_500
8912753948,129,155401737,7,0,45.0,False,eu_500
8912753948,130,121582439,26,0,51.0,False,eu_500
8912753948,131,247479232,80,0,51.0,False,eu_500
8912753948,132,10154237,75,0,51.0,False,eu_500
8912753956,0,1685943498,74,0,35.0,False,eu_500
8912753956,1,164696031,29,0,33.0,False,eu_500
8912753956,2,981985544,12,0,33.0,False,eu_500
8912753956,3,276100882,31,0,34.0,False,eu_500
8912753956,4,382607217,22,0,35.0,False,eu_500
8912753956,128,135916876,54,0,34.0,False,eu_500
8912753956,129,1044301874,8,0,24.0,False,eu_500
8912753956,130,308122550,20,0,35.0,False,eu_500
8912753956,131,164645383,101,0,34.0,False,eu_500
8912753956,132,230539594,87,0,34.0,False,eu_500
8912753963,0,1125226169,39,0,33.0,False,eu_500
8912753963,1,47776861,71,0,43.0,False,eu_500
8912753963,2,1026953349,22,0,43.0,False,eu_500
8912753963,3,1017324680,54,0,45.0,False,eu_500
8912753963,4,1308083853,48,0,43.0,False,eu_500
8912753963,128,849301434,86,0,33.0,False,eu_500
8912753963,129,1694825303,62,0,42.0,False,eu_500
8912753963,130,87574448,14,0,44.0,False,eu_500
8912753963,131,254839985,95,0,45.0,False,eu_500
8912753963,132,1221283016,26,0,44.0,False,eu_500
8912753966,0,83314887,104,0,53.0,False,eu_500
8912753966,1,1424587832,42,0,53.0,False,eu_500
8912753966,2,121867514,100,0,52.0,False,eu_500
8912753966,3,444847745,45,0,41.0,False,eu_500
8912753966,4,911691101,86,0,43.0,False,eu_500
8912753966,128,841031470,129,0,53.0,False,eu_500
8912753966,129,139241153,64,0,43.0,False,eu_500
8912753966,130,1126019178,27,0,51.0,False,eu_500
8912753966,131,167362501,26,0,52.0,False,eu_500
8912753966,132,835624746,54,0,53.0,False,eu_500
8912753969,0,1279564208,128,0,21.0,False,eu_500
8912753969,1,119190983,85,0,22.0,False,eu_500
8912753969,2,161217066,8,0,24.0,False,eu_500
8912753969,3,1068737483,101,0,22.0,False,eu_500
8912753969,4,111651547,88,0,22.0,False,eu_500
8912753969,128,405497175,83,0,23.0,False,eu_500
8912753969,129,970927919,119,0,,False,eu_500
8912753969,130,135560839,7,0,21.0,False,eu_500
8912753969,131,111253965,17,0,23.0,False,eu_500
8912753969,132,148215955,56,0,22.0,False,eu_500
8912753974,0,115228551,101,0,22.0,False,eu_500
8912753974,1,1528385391,99,0,24.0,False,eu_500
8912753974,2,1254947337,121,0,23.0,False,eu_500
8912753974,3,116844600,4,0,24.0,False,eu_500
8912753974,4,359528093,22,0,23.0,False,eu_500
8912753974,128,1063266932,26,0,24.0,False,eu_500
8912753974,129,1105416243,1,0,24.0,False,eu_500
8912753974,130,1245024962,46,0,14.0,False,eu_500
8912753974,131,1038656993,68,0,25.0,False,eu_500
8912753974,132,1040852891,29,0,21.0,False,eu_500
8912753976,0,922783169,84,0,43.0,False,eu_500
8912753976,1,272173612,44,0,62.0,False,eu_500
8912753976,2,1675847272,97,0,43.0,False,eu_500
8912753976,3,155624989,25,0,31.0,False,eu_500
8912753976,4,194748139,7,0,61.0,False,eu_500
8912753976,128,27183177,26,0,53.0,False,eu_500
8912753976,129,89597065,30,0,51.0,False,eu_500
8912753976,130,370698055,6,0,61.0,False,eu_500
8912753976,131,321535350,96,0,51.0,False,eu_500
8912753976,132,1013812491,31,0,44.0,False,eu_500
8912753981,0,229957107,28,0,43.0,False,eu_500
8912753981,1,1651268366,145,0,42.0,False,eu_500
8912753981,2,1024702320,9,0,42.0,False,eu_500
8912753981,3,188613395,5,0,33.0,False,eu_500
8912753981,4,343311302,25,0,43.0,False,eu_500
8912753981,128,1116274702,53,0,43.0,False,eu_500
8912753981,129,1026654689,102,0,43.0,False,eu_500
8912753981,130,1005222067,104,0,34.0,False,eu_500
8912753981,131,1141732652,61,1,41.0,False,eu_500
8912753981,132,1049270684,113,0,33.0,False,eu_500
8912753991,0,875771400,1,0,53.0,False,eu_500
8912753991,1,180452648,75,0,54.0,False,eu_500
8912753991,2,1190175432,36,0,54.0,False,eu_500
8912753991,3,849753674,68,0,53.0,False,eu_500
8912753991,4,113394467,60,0,52.0,False,eu_500
8912753991,128,91293412,84,0,55.0,False,eu_500
8912753991,129,748243929,12,0,54.0,False,eu_500
8912753991,130,284715330,42,0,54.0,False,eu_500
8912753991,131,80946263,26,0,51.0,False,eu_500
8912753991,132,779772598,20,0,52.0,False,eu_500
8912754000,0,179077816,12,0,53.0,False,eu_500
8912754000,1,174851864,26,0,63.0,False,eu_500
8912754000,2,773401941,90,0,61.0,False,eu_500
8912754000,3,933487561,99,0,55.0,False,eu_500
8912754000,4,1895841357,19,0,54.0,False,eu_500
8912754000,128,23019244,68,0,62.0,False,eu_500
8912754000,129,77383587,60,0,52.0,False,eu_500
8912754000,130,116152904,64,0,55.0,False,eu_500
8912754000,131,210386691,14,0,53.0,False,eu_500
8912754000,132,1188034410,93,0,63.0,False,eu_500
8912754002,0,1455541573,126,0,32.0,False,eu_500
8912754002,1,1519369802,27,0,14.0,False,eu_500
8912754002,2,1236972086,56,0,15.0,False,eu_500
8912754002,3,1145508299,7,0,13.0,False,eu_500
8912754002,4,357346782,101,0,32.0,False,eu_500
8912754002,128,1536609258,71,0,13.0,False,eu_500
8912754002,129,1790612790,91,0,,False,eu_500
8912754002,130,423826656,20,0,14.0,False,eu_500
8912754002,131,1621179407,23,0,34.0,False,eu_500
8912754002,132,203664291,46,0,13.0,False,eu_500
8912754051,0,285434394,45,0,80.0,False,eu_500
8912754051,1,38956642,88,0,80.0,False,eu_500
8912754051,2,1160896980,6,0,80.0,False,eu_500
8912754051,3,155908825,129,0,80.0,False,eu_500
8912754051,4,133389744,75,0,80.0,False,eu_500
8912754051,128,193595140,120,0,80.0,False,eu_500
8912754051,129,218552674,63,0,80.0,False,eu_500
8912754051,130,170644948,73,0,80.0,False,eu_500
8912754051,131,113656117,83,0,80.0,False,eu_500
8912754051,132,79151791,55,0,80.0,False,eu_500
8912754055,0,370483068,123,0,80.0,False,eu_500
8912754055,1,1463182740,2,0,80.0,False,eu_500
8912754055,2,257327415,14,0,80.0,False,eu_500
8912754055,3,437575591,54,0,80.0,False,eu_500
8912754055,4,108074964,11,0,80.0,False,eu_500
8912754055,128,1308070997,128,0,80.0,False,eu_500
8912754055,129,369741731,7,0,80.0,False,eu_500
8912754055,130,1441194480,109,0,80.0,False,eu_500
8912754055,131,348919767,112,0,80.0,False,eu_500
8912754055,132,212596059,23,0,80.0,False,eu_500
8912754057,0,1207503295,86,0,24.0,False,eu_500
8912754057,1,294956503,74,0,22.0,False,eu_500
8912754057,2,1218391784,123,0,25.0,False,eu_500
8912754057,3,1745571712,1,0,22.0,False,eu_500
8912754057,4,226558105,113,0,25.0,False,eu_500
8912754057,128,214663051,104,0,31.0,False,eu_500
8912754057,129,840833138,14,0,22.0,False,eu_500
8912754057,130,56638180,111,0,,False,eu_500
8912754057,131,1856599072,35,0,25.0,False,eu_500
8912754057,132,733225865,80,0,,False,eu_500
8912754076,0,86774850,35,0,55.0,False,eu_500
8912754076,1,841805629,7,0,55.0,False,eu_500
8912754076,2,827590042,12,0,54.0,False,eu_500
8912754076,3,984565604,23,0,54.0,False,eu_500
8912754076,4,1203376726,36,0,55.0,False,eu_500
8912754076,128,1100209995,26,0,55.0,False,eu_500
8912754076,129,399232866,92,0,61.0,False,eu_500
8912754076,130,84890756,3,0,55.0,False,eu_500
8912754076,131,1073492221,138,0,45.0,False,eu_500
8912754076,132,218120963,34,0,55.0,False,eu_500
8912754077,0,298373424,128,0,42.0,False,eu_500
8912754077,1,1707678759,1,0,44.0,False,eu_500
8912754077,2,35395317,25,0,35.0,False,eu_500
8912754077,3,1099125380,36,0,44.0,False,eu_500
8912754077,4,986220110,51,0,34.0,False,eu_500
8912754077,128,167971020,14,0,45.0,False,eu_500
8912754077,129,402367903,84,0,33.0,False,eu_500
8912754077,130,44776361,20,0,44.0,False,eu_500
8912754077,131,1197823811,11,0,44.0,False,eu_500
8912754077,132,1102526171,68,0,44.0,False,eu_500
8912754085,0,221150377,48,0,65.0,False,eu_500
8912754085,1,399281213,75,0,62.0,False,eu_500
8912754085,2,204104570,106,0,71.0,False,eu_500
8912754085,3,1236396248,3,0,65.0,False,eu_500
8912754085,4,202230608,71,0,65.0,False,eu_500
8912754085,128,1255165399,40,0,64.0,False,eu_500
8912754085,129,119764228,29,0,65.0,False,eu_500
8912754085,130,151379895,65,0,64.0,False,eu_500
8912754085,131,143834139,11,0,62.0,False,eu_500
8912754085,132,170201672,59,0,65.0,False,eu_500
8912754089,0,1292604598,75,0,34.0,False,eu_500
8912754089,1,778366964,110,0,,False,eu_500
8912754089,2,1048531032,69,0,35.0,False,eu_500
8912754089,3,855770987,8,0,33.0,False,eu_500
8912754089,4,1085974917,90,0,33.0,False,eu_500
8912754089,128,1038429941,29,0,34.0,False,eu_500
8912754089,129,1414905179,36,0,34.0,False,eu_500
8912754089,130,913216405,145,0,32.0,False,eu_500
8912754089,131,912509207,30,0,34.0,False,eu_500
8912754089,132,1122746750,86,0,34.0,False,eu_500
8912754091,0,1233059915,155,0,52.0,False,eu_500
8912754091,1,266517656,26,0,52.0,False,eu_500
8912754091,2,264817684,2,0,52.0,False,eu_500
8912754091,3,134676524,106,0,53.0,False,eu_500
8912754091,4,1769129159,70,0,53.0,False,eu_500
8912754091,128,1077030451,121,0,51.0,False,eu_500
8912754091,129,129624202,47,0,53.0,False,eu_500
8912754091,130,244021743,128,0,52.0,False,eu_500
8912754091,131,193760159,41,0,52.0,False,eu_500
8912754091,132,119870183,21,0,52.0,False,eu_500
8912754094,0,872682937,93,0,13.0,False,eu_500
8912754094,1,109201144,20,0,,False,eu_500
8912754094,2,216356387,35,0,12.0,False,eu_500
8912754094,3,997724850,39,0,13.0,False,eu_500
8912754094,4,755280381,1,0,,False,eu_500
8912754094,128,1560750866,90,0,14.0,False,eu_500
8912754094,129,1690504971,59,0,,False,eu_500
8912754094,130,1694856472,126,0,22.0,False,eu_500
8912754094,131,1056194375,69,0,,False,eu_500
8912754094,132,1008253357,89,0,,False,eu_500
8912754101,0,1424846576,99,0,43.0,False,eu_500
8912754101,1,301893280,30,0,43.0,False,eu_500
8912754101,2,1163062563,3,0,43.0,False,eu_500
8912754101,3,173804739,35,0,43.0,False,eu_500
8912754101,4,818070251,64,0,43.0,False,eu_500
8912754101,128,1139054333,26,0,43.0,False,eu_500
8912754101,129,1265613755,8,0,44.0,False,eu_500
8912754101,130,879930014,97,0,43.0,False,eu_500
8912754101,131,1165220605,58,0,42.0,False,eu_500
8912754101,132,1083269865,11,0,33.0,False,eu_500
8912754109,0,1113972251,74,0,73.0,False,eu_500
8912754109,1,294302234,2,0,72.0,False,eu_500
8912754109,2,1412163062,12,0,62.0,False,eu_500
8912754109,3,1609288188,9,0,72.0,False,eu_500
8912754109,4,56759171,88,0,71.0,False,eu_500
8912754109,128,131725979,123,0,71.0,False,eu_500
8912754109,129,1053994683,6,0,71.0,False,eu_500
8912754109,130,812588754,65,0,72.0,False,eu_500
8912754109,131,892474226,11,0,64.0,False,eu_500
8912754109,132,1008893740,102,0,71.0,False,eu_500
8912754111,0,915234629,14,0,24.0,False,eu_500
8912754111,1,328645482,47,0,32.0,False,eu_500
8912754111,2,1291988210,87,0,33.0,False,eu_500
8912754111,3,1820173858,8,0,34.0,False,eu_500
8912754111,4,1581304643,5,0,15.0,False,eu_500
8912754111,128,1525868392,60,0,15.0,False,eu_500
8912754111,129,1863177327,46,0,33.0,False,eu_500
8912754111,130,1305842914,91,1,32.0,False,eu_500
8912754111,131,1608869513,90,0,31.0,False,eu_500
8912754111,132,117989226,7,0,33.0,False,eu_500
8912754114,0,102613999,101,0,54.0,False,eu_500
8912754114,1,177724643,104,0,54.0,False,eu_500
8912754114,2,896442718,83,0,45.0,False,eu_500
8912754114,3,1122605085,35,0,54.0,False,eu_500
8912754114,4,750467622,6,0,44.0,False,eu_500
8912754114,128,146728490,68,0,53.0,False,eu_500
8912754114,129,37628462,7,0,54.0,False,eu_500
8912754114,130,1458933892,99,0,54.0,False,eu_500
8912754114,131,1180585536,95,0,54.0,False,eu_500
8912754114,132,982643945,29,0,54.0,False,eu_500
8912754116,0,1021628137,93,0,44.0,False,eu_500
8912754116,1,135404501,37,0,51.0,False,eu_500
8912754116,2,1208479296,25,0,51.0,False,eu_500
8912754116,3,760014510,87,0,45.0,False,eu_500
8912754116,4,1087623458,22,0,51.0,False,eu_500
8912754116,128,1594228177,90,0,45.0,False,eu_500
8912754116,129,1042354907,73,0,51.0,False,eu_500
8912754116,130,1399503783,26,0,52.0,False,eu_500
8912754116,131,293196854,8,0,51.0,False,eu_500
8912754116,132,212663402,27,0,52.0,False,eu_500
8912754117,0,1525392923,99,0,21.0,False,eu_500
8912754117,1,775506899,6,0,24.0,False,eu_500
8912754117,2,249831541,53,0,24.0,False,eu_500
8912754117,3,829895329,13,0,13.0,False,eu_500
8912754117,4,1167259592,35,0,15.0,False,eu_500
8912754117,128,92533281,27,0,24.0,False,eu_500
8912754117,129,1822831693,2,0,21.0,False,eu_500
8912754117,130,114254793,80,0,25.0,False,eu_500
8912754117,131,752104505,120,0,24.0,False,eu_500
8912754117,132,1466657634,86,0,22.0,False,eu_500
8912754124,0,1711103604,47,0,32.0,False,eu_500
8912754124,1,1311981773,36,0,35.0,False,eu_500
8912754124,2,1220531008,67,0,52.0,False,eu_500
8912754124,3,145343564,14,0,42.0,False,eu_500
8912754124,4,315378820,87,0,55.0,False,eu_500
8912754124,128,1025651749,27,0,25.0,False,eu_500
8912754124,129,214898465,54,0,45.0,False,eu_500
8912754124,130,1556050400,123,0,43.0,False,eu_500
8912754124,131,1193377478,135,0,33.0,False,eu_500
8912754124,132,1475562722,16,0,32.0,False,eu_500
8912754142,0,1316720015,22,0,,False,eu_500
8912754142,1,1908205992,48,0,,False,eu_500
8912754142,2,1166534699,3,0,12.0,False,eu_500
8912754142,3,1511876129,14,0,12.0,False,eu_500
8912754142,4,1707212045,110,0,,False,eu_500
8912754142,128,1386148773,30,0,12.0,False,eu_500
8912754142,129,745504347,105,0,,False,eu_500
8912754142,130,1701680302,98,0,12.0,False,eu_500
8912754142,131,805190955,71,0,23.0,False,eu_500
8912754142,132,1019918301,93,0,,False,eu_500
8912754157,0,400450985,104,0,80.0,False,eu_500
8912754157,1,1131907409,86,0,65.0,False,eu_500
8912754157,2,118408007,4,0,72.0,False,eu_500
8912754157,3,1003362567,43,0,80.0,False,eu_500
8912754157,4,76142923,26,0,55.0,False,eu_500
8912754157,128,121229645,31,0,80.0,False,eu_500
8912754157,129,57801594,30,0,74.0,False,eu_500
8912754157,130,1070356633,91,0,64.0,False,eu_500
8912754157,131,160566937,19,0,80.0,False,eu_500
8912754157,132,153373208,29,0,75.0,False,eu_500
8912754161,0,1568342805,97,0,12.0,False,eu_500
8912754161,1,1901123798,123,0,14.0,False,eu_500
8912754161,2,1862787534,1,1,12.0,False,eu_500
8912754161,3,75510455,11,0,21.0,False,eu_500
8912754161,4,172440194,14,0,15.0,False,eu_500
8912754161,128,1870468872,88,0,13.0,False,eu_500
8912754161,129,812743644,155,0,,False,eu_500
8912754161,130,1726739841,108,0,,False,eu_500
8912754161,131,814934234,6,0,14.0,False,eu_500
8912754161,132,1901616408,105,0,14.0,False,eu_500
8912754183,0,1488368569,1,0,80.0,False,eu_500
8912754183,1,1467254852,96,0,80.0,False,eu_500
8912754183,2,211280162,114,0,80.0,False,eu_500
8912754183,3,201630908,112,0,80.0,False,eu_500
8912754183,4,376805441,145,0,80.0,False,eu_500
8912754183,128,1265196931,67,0,80.0,False,eu_500
8912754183,129,217431322,120,0,80.0,False,eu_500
8912754183,130,1189528434,30,0,80.0,False,eu_500
8912754183,131,192314211,14,0,80.0,False,eu_500
8912754183,132,236510762,128,0,80.0,False,eu_500
8912754186,0,303233213,32,0,15.0,False,eu_500
8912754186,1,354472368,35,0,,False,eu_500
8912754186,2,1872190633,26,0,13.0,False,eu_500
8912754186,3,182125149,54,0,,False,eu_500
8912754186,4,197175399,85,0,21.0,False,eu_500
8912754186,128,1479511067,22,0,15.0,False,eu_500
8912754186,129,818321644,109,0,14.0,False,eu_500
8912754186,130,1168822694,123,0,15.0,False,eu_500
8912754186,131,1288312261,84,0,12.0,False,eu_500
8912754186,132,1279808876,27,0,21.0,False,eu_500
8912754190,0,1159917192,7,0,22.0,False,eu_500
8912754190,1,1141411747,67,0,33.0,False,eu_500
8912754190,2,1200436410,3,0,15.0,False,eu_500
8912754190,3,237217173,49,0,32.0,False,eu_500
8912754190,4,191273890,101,0,32.0,False,eu_500
8912754190,128,1052097939,12,0,24.0,False,eu_500
8912754190,129,454880523,74,0,,False,eu_500
8912754190,130,1811938113,11,0,22.0,False,eu_500
8912754190,131,185050422,129,0,34.0,False,eu_500
8912754190,132,851834925,26,0,33.0,False,eu_500
8912754196,0,105247345,112,0,43.0,False,eu_500
8912754196,1,240930023,41,0,44.0,False,eu_500
8912754196,2,796583146,123,0,35.0,False,eu_500
8912754196,3,1305637246,2,0,44.0,False,eu_500
8912754196,4,1877307691,90,0,44.0,False,eu_500
8912754196,128,102885440,104,0,34.0,False,eu_500
8912754196,129,1057143320,53,0,35.0,False,eu_500
8912754196,130,1133178440,119,0,43.0,False,eu_500
8912754196,131,198404383,72,0,45.0,False,eu_500
8912754196,132,346893556,39,0,43.0,False,eu_500
8912754200,0,1190876647,90,0,31.0,False,eu_500
8912754200,1,1694601913,85,0,22.0,False,eu_500
8912754200,2,1850400098,26,0,32.0,False,eu_500
8912754200,3,1914665117,18,0,24.0,False,eu_500
8912754200,4,1569006984,30,0,25.0,False,eu_500
8912754200,128,1252895218,56,0,33.0,False,eu_500
8912754200,129,1363033473,12,0,15.0,False,eu_500
8912754200,130,188172100,37,0,24.0,False,eu_500
8912754200,131,1100602687,7,0,32.0,False,eu_500
8912754200,132,352307001,112,0,24.0,False,eu_500
8912754208,0,759623006,12,0,73.0,False,eu_500
8912754208,1,303260049,137,0,72.0,False,eu_500
8912754208,2,773752899,85,0,,False,eu_500
8912754208,3,822356818,14,0,71.0,False,eu_500
8912754208,4,734362306,107,0,,False,eu_500
8912754208,128,816592761,68,0,73.0,False,eu_500
8912754208,129,798143663,54,0,,False,eu_500
8912754208,130,319353235,123,0,65.0,False,eu_500
8912754208,131,1730089240,135,0,,False,eu_500
8912754208,132,1803027117,34,0,65.0,False,eu_500
8912754214,0,165558066,72,0,31.0,False,eu_500
8912754214,1,451008149,47,0,14.0,False,eu_500
8912754214,2,59808101,14,0,25.0,False,eu_500
8912754214,3,1038945993,8,0,25.0,False,eu_500
8912754214,4,126345190,87,0,25.0,False,eu_500
8912754214,128,874177974,44,0,12.0,False,eu_500
8912754214,129,1358956239,35,0,25.0,False,eu_500
8912754214,130,186009251,53,0,31.0,False,eu_500
8912754214,131,224986141,20,0,25.0,False,eu_500
8912754214,132,120808802,29,0,25.0,False,eu_500
8912754219,0,1807727335,74,0,34.0,False,eu_500
8912754219,1,812785045,6,0,45.0,False,eu_500
8912754219,2,1240607371,91,0,22.0,False,eu_500
8912754219,3,902521730,75,0,51.0,False,eu_500
8912754219,4,201021892,33,0,32.0,False,eu_500
8912754219,128,1889736250,84,0,23.0,False,eu_500
8912754219,129,384406663,81,0,25.0,False,eu_500
8912754219,130,1889733915,111,0,51.0,False,eu_500
8912754219,131,1183188517,69,1,45.0,False,eu_500
8912754219,132,1116898305,128,1,,False,eu_500
8912754221,0,13792197,123,0,35.0,False,eu_500
8912754221,1,164047547,26,0,44.0,False,eu_500
8912754221,2,12084541,95,0,45.0,False,eu_500
8912754221,3,71719899,39,0,44.0,False,eu_500
8912754221,4,385184386,2,0,,False,eu_500
8912754221,128,3220087,9,0,44.0,False,eu_500
8912754221,129,14443651,48,0,44.0,False,eu_500
8912754221,130,994157865,104,0,41.0,False,eu_500
8912754221,131,117766038,64,0,44.0,False,eu_500
8912754221,132,165275066,25,0,41.0,False,eu_500
8912754242,0,156222915,54,0,24.0,False,eu_500
8912754242,1,1075705201,18,0,34.0,False,eu_500
8912754242,2,1146890146,89,0,42.0,False,eu_500
8912754242,3,1203054307,73,0,35.0,False,eu_500
8912754242,4,391732532,110,0,41.0,False,eu_500
8912754242,128,916919723,97,0,42.0,False,eu_500
8912754242,129,1466993789,10,0,25.0,False,eu_500
8912754242,130,1274799785,46,0,22.0,False,eu_500
8912754242,131,1013012511,51,0,33.0,False,eu_500
8912754242,132,298892984,78,0,42.0,False,eu_500
8912754249,0,1607538053,42,0,15.0,False,eu_500
8912754249,1,1659140530,67,0,21.0,False,eu_500
8912754249,2,1068645844,26,0,23.0,False,eu_500
8912754249,3,1080772541,39,0,22.0,False,eu_500
8912754249,4,247655521,27,0,22.0,False,eu_500
8912754249,128,1569490926,16,0,23.0,False,eu_500
8912754249,129,391521345,59,0,22.0,False,eu_500
8912754249,130,113693367,15,0,22.0,False,eu_500
8912754249,131,103474786,71,0,21.0,False,eu_500
8912754249,132,1098691834,53,0,23.0,False,eu_500
8912754270,0,1188049552,35,0,25.0,False,eu_500
8912754270,1,295332816,20,0,32.0,False,eu_500
8912754270,2,287906182,64,0,,False,eu_500
8912754270,3,1273768756,104,0,31.0,False,eu_500
8912754270,4,1419130413,27,0,22.0,False,eu_500
8912754270,128,96761376,8,0,,False,eu_500
8912754270,129,196228083,105,0,31.0,False,eu_500
8912754270,130,1838990364,82,0,31.0,False,eu_500
8912754270,131,1884699984,6,0,22.0,False,eu_500
8912754270,132,71282086,91,0,22.0,False,eu_500
8912754282,0,1120825038,128,0,,False,eu_500
8912754282,1,1155837964,38,0,32.0,False,eu_500
8912754282,2,1586717608,26,0,41.0,False,eu_500
8912754282,3,1522311796,54,0,33.0,False,eu_500
8912754282,4,1469595941,39,0,21.0,False,eu_500
8912754282,128,1602321719,35,0,22.0,False,eu_500
8912754282,129,73664960,6,0,42.0,False,eu_500
8912754282,130,1006185472,98,0,25.0,False,eu_500
8912754282,131,970573027,123,0,35.0,False,eu_500
8912754282,132,1392385368,17,0,34.0,False,eu_500
8912754283,0,110596060,21,0,51.0,False,eu_500
8912754283,1,313791037,48,0,52.0,False,eu_500
8912754283,2,1260000268,30,0,32.0,False,eu_500
8912754283,3,195211158,84,0,31.0,False,eu_500
8912754283,4,165293329,57,0,54.0,False,eu_500
8912754283,128,162945497,37,0,45.0,False,eu_500
8912754283,129,171322647,28,0,52.0,False,eu_500
8912754283,130,156093370,3,0,45.0,False,eu_500
8912754283,131,792647577,8,0,44.0,False,eu_500
8912754283,132,1674797844,90,0,51.0,False,eu_500
8912754284,0,997088712,11,0,41.0,False,eu_500
8912754284,1,1024042790,96,0,55.0,False,eu_500
8912754284,2,1238824815,90,0,43.0,False,eu_500
8912754284,3,186660249,67,0,44.0,False,eu_500
8912754284,4,912236680,112,0,55.0,False,eu_500
8912754284,128,1417130955,26,0,44.0,False,eu_500
8912754284,129,90832500,56,0,52.0,False,eu_500
8912754284,130,105869689,39,0,44.0,False,eu_500
8912754284,131,83466140,86,0,55.0,False,eu_500
8912754284,132,83057560,50,0,44.0,False,eu_500
8912754291,0,829960777,97,0,22.0,False,eu_500
8912754291,1,905944574,135,0,42.0,False,eu_500
8912754291,2,142154665,31,0,41.0,False,eu_500
8912754291,3,1790741198,128,0,24.0,False,eu_500
8912754291,4,295307059,1,0,42.0,False,eu_500
8912754291,128,1098826142,14,0,35.0,False,eu_500
8912754291,129,185975437,87,0,24.0,False,eu_500
8912754291,130,83699944,63,0,42.0,False,eu_500
8912754291,131,190733628,84,0,34.0,False,eu_500
8912754291,132,299562625,106,0,35.0,False,eu_500
8912754295,0,1810090588,14,0,33.0,False,eu_500
8912754295,1,1548974242,27,0,24.0,False,eu_500
8912754295,2,1516148765,93,0,42.0,False,eu_500
8912754295,3,16240059,51,0,24.0,False,eu_500
8912754295,4,155217977,2,0,44.0,False,eu_500
8912754295,128,1116198145,34,0,34.0,False,eu_500
8912754295,129,1130630200,119,0,33.0,False,eu_500
8912754295,130,1858777931,26,0,32.0,False,eu_500
8912754295,131,1850295620,54,0,43.0,False,eu_500
8912754295,132,1286129885,35,1,25.0,False,eu_500
8912754306,0,1534290815,27,0,23.0,False,eu_500
8912754306,1,408126879,28,0,22.0,False,eu_500
8912754306,2,1674233146,40,0,24.0,False,eu_500
8912754306,3,316378328,52,0,23.0,False,eu_500
8912754306,4,1143226223,44,0,13.0,False,eu_500
8912754306,128,444341126,63,0,22.0,False,eu_500
8912754306,129,1250651309,99,0,21.0,False,eu_500
8912754306,130,1483444987,11,0,24.0,False,eu_500
8912754306,131,73323582,50,0,24.0,False,eu_500
8912754306,132,1062039114,30,0,21.0,False,eu_500
8912754308,0,864794655,119,0,61.0,False,eu_500
8912754308,1,1674694995,60,0,75.0,False,eu_500
8912754308,2,171173292,30,0,61.0,False,eu_500
8912754308,3,278715742,1,0,71.0,False,eu_500
8912754308,4,1259263691,90,0,61.0,False,eu_500
8912754308,128,191704629,35,0,63.0,False,eu_500
8912754308,129,293881180,86,0,72.0,False,eu_500
8912754308,130,1581609154,31,0,53.0,False,eu_500
8912754308,131,270394688,135,0,74.0,False,eu_500
8912754308,132,33941862,84,0,63.0,False,eu_500
8912754314,0,86218567,48,0,72.0,False,eu_500
8912754314,1,931594926,1,0,64.0,False,eu_500
8912754314,2,161272690,128,0,64.0,False,eu_500
8912754314,3,134385802,30,0,73.0,False,eu_500
8912754314,4,189304649,102,0,65.0,False,eu_500
8912754314,128,122488295,135,0,71.0,False,eu_500
8912754314,129,253372801,8,0,62.0,False,eu_500
8912754314,130,841833713,106,0,63.0,False,eu_500
8912754314,131,1020985613,86,0,64.0,False,eu_500
8912754314,132,375615995,31,0,64.0,False,eu_500
8912754319,0,207701132,48,0,72.0,False,eu_500
8912754319,1,1262967119,26,0,73.0,False,eu_500
8912754319,2,317027428,106,0,72.0,False,eu_500
8912754319,3,89627239,105,0,72.0,False,eu_500
8912754319,4,1098873085,60,0,71.0,False,eu_500
8912754319,128,59118548,108,0,72.0,False,eu_500
8912754319,129,83353813,31,0,72.0,False,eu_500
8912754319,130,149161098,67,0,72.0,False,eu_500
8912754319,131,107040990,84,0,72.0,False,eu_500
8912754319,132,86792808,86,0,71.0,False,eu_500
8912754322,0,1242146860,1,0,22.0,False,eu_500
8912754322,1,1070398451,101,0,43.0,False,eu_500
8912754322,2,1099081750,42,0,21.0,False,eu_500
8912754322,3,1162284811,91,0,44.0,False,eu_500
8912754322,4,1255024880,14,0,15.0,False,eu_500
8912754322,128,1270500831,9,0,35.0,False,eu_500
8912754322,129,1247613608,66,0,25.0,False,eu_500
8912754322,130,1372800271,6,0,41.0,False,eu_500
8912754322,131,1163927838,129,0,43.0,False,eu_500
8912754322,132,895692728,137,0,25.0,False,eu_500
8912754323,0,1255976475,26,0,24.0,False,eu_500
8912754323,1,120582595,56,0,21.0,False,eu_500
8912754323,2,776824080,119,0,14.0,False,eu_500
8912754323,3,1483322536,99,0,,False,eu_500
8912754323,4,204587390,19,1,44.0,False,eu_500
8912754323,128,1898583744,34,0,41.0,False,eu_500
8912754323,129,1558848606,27,0,13.0,False,eu_500
8912754323,130,175059043,31,0,24.0,False,eu_500
8912754323,131,1252797837,42,0,25.0,False,eu_500
8912754323,132,174130261,93,0,21.0,False,eu_500
8912754341,0,202751105,5,0,43.0,False,eu_500
8912754341,1,1851027783,11,0,43.0,False,eu_500
8912754341,2,298574533,6,0,24.0,False,eu_500
8912754341,3,91821163,14,0,44.0,False,eu_500
8912754341,4,394955868,108,0,43.0,False,eu_500
8912754341,128,83585999,69,1,35.0,False,eu_500
8912754341,129,1117750891,45,0,32.0,False,eu_500
8912754341,130,1560333033,54,0,43.0,False,eu_500
8912754341,131,178436917,111,0,43.0,False,eu_500
8912754341,132,130915340,64,0,44.0,False,eu_500
8912754346,0,914682164,29,0,71.0,False,eu_500
8912754346,1,1245673877,119,0,64.0,False,eu_500
8912754346,2,884284626,81,0,65.0,False,eu_500
8912754346,3,200727349,123,0,51.0,False,eu_500
8912754346,4,405262726,90,0,52.0,False,eu_500
8912754346,128,2076701,87,0,72.0,False,eu_500
8912754346,129,122108008,85,0,71.0,False,eu_500
8912754346,130,315641305,63,0,55.0,False,eu_500
8912754346,131,1674275942,74,0,73.0,False,eu_500
8912754346,132,1674856940,41,0,64.0,False,eu_500
8912754352,0,1441719926,62,0,35.0,False,eu_500
8912754352,1,1614570560,71,0,22.0,False,eu_500
8912754352,2,804243245,14,0,33.0,False,eu_500
8912754352,3,1413625705,54,0,41.0,False,eu_500
8912754352,4,78453060,25,0,33.0,False,eu_500
8912754352,128,1843507814,90,0,34.0,False,eu_500
8912754352,129,1291500636,84,0,41.0,False,eu_500
8912754352,130,1553505244,68,0,15.0,False,eu_500
8912754352,131,1708286820,67,0,32.0,False,eu_500
8912754352,132,1275316677,15,0,25.0,False,eu_500
8912754366,0,92016057,26,0,25.0,False,eu_500
8912754366,1,1535884755,59,0,25.0,False,eu_500
8912754366,2,839597369,51,0,,False,eu_500
8912754366,3,1051191585,114,0,22.0,False,eu_500
8912754366,4,205720073,53,0,25.0,False,eu_500
8912754366,128,1184997150,41,0,25.0,False,eu_500
8912754366,129,1275622320,101,0,31.0,False,eu_500
8912754366,130,825530388,84,0,23.0,False,eu_500
8912754366,131,1483251992,74,0,25.0,False,eu_500
8912754366,132,89517436,14,0,31.0,False,eu_500
8912754367,0,88260190,22,0,55.0,False,eu_500
8912754367,1,96045067,128,0,62.0,False,eu_500
8912754367,2,178219264,5,0,55.0,False,eu_500
8912754367,3,151484223,6,0,62.0,False,eu_500
8912754367,4,87285528,74,0,62.0,False,eu_500
8912754367,128,1131499803,103,0,54.0,False,eu_500
8912754367,129,1154017780,17,0,55.0,False,eu_500
8912754367,130,313808907,27,0,62.0,False,eu_500
8912754367,131,368051468,107,0,62.0,False,eu_500
8912754367,132,1140979208,67,0,55.0,False,eu_500
8912754371,0,899252996,53,0,80.0,False,eu_500
8912754371,1,168208174,71,0,80.0,False,eu_500
8912754371,2,302674313,74,0,80.0,False,eu_500
8912754371,3,398014343,10,0,80.0,False,eu_500
8912754371,4,1808282997,123,0,80.0,False,eu_500
8912754371,128,316857168,83,0,80.0,False,eu_500
8912754371,129,1089086334,11,0,80.0,False,eu_500
8912754371,130,1787740151,100,0,80.0,False,eu_500
8912754371,131,920848165,86,0,80.0,False,eu_500
8912754371,132,314946949,60,0,80.0,False,eu_500
8912754390,0,86766711,128,0,62.0,False,eu_500
8912754390,1,115289774,5,0,65.0,False,eu_500
8912754390,2,191092047,15,0,65.0,False,eu_500
8912754390,3,1152778141,56,0,65.0,False,eu_500
8912754390,4,1205806909,136,0,65.0,False,eu_500
8912754390,128,919114261,120,0,64.0,False,eu_500
8912754390,129,1214064756,85,0,64.0,False,eu_500
8912754390,130,112163651,31,0,65.0,False,eu_500
8912754390,131,1209695610,48,0,64.0,False,eu_500
8912754390,132,381803413,39,0,65.0,False,eu_500
8912754397,0,109296557,25,1,52.0,False,eu_500
8912754397,1,838897019,27,0,55.0,False,eu_500
8912754397,2,857180755,8,1,51.0,False,eu_500
8912754397,3,350736394,20,0,41.0,False,eu_500
8912754397,4,1266689214,28,0,62.0,False,eu_500
8912754397,128,1011513655,2,0,55.0,False,eu_500
8912754397,129,242205441,51,0,51.0,False,eu_500
8912754397,130,108160680,87,0,52.0,False,eu_500
8912754397,131,1511871185,11,0,52.0,False,eu_500
8912754397,132,1089394980,12,0,62.0,False,eu_500
8912754398,0,1419827186,2,0,15.0,False,eu_500
8912754398,1,120233307,101,0,14.0,False,eu_500
8912754398,2,1569105196,52,0,21.0,False,eu_500
8912754398,3,1282284383,106,0,12.0,False,eu_500
8912754398,4,1785444591,26,0,,False,eu_500
8912754398,128,783637648,44,0,15.0,False,eu_500
8912754398,129,1912421214,11,0,13.0,False,eu_500
8912754398,130,1530603156,15,0,14.0,False,eu_500
8912754398,131,1791529760,91,0,14.0,False,eu_500
8912754398,132,219019133,27,0,12.0,False,eu_500
8912754411,0,45635027,48,0,43.0,False,eu_500
8912754411,1,53336890,75,0,24.0,False,eu_500
8912754411,2,10798545,2,0,34.0,False,eu_500
8912754411,3,978732665,99,0,33.0,False,eu_500
8912754411,4,1604175,40,0,,False,eu_500
8912754411,128,1283789356,47,0,45.0,False,eu_500
8912754411,129,332838797,114,0,,False,eu_500
8912754411,130,896417816,64,0,,False,eu_500
8912754411,131,1022690487,14,0,43.0,False,eu_500
8912754411,132,818799597,5,0,,False,eu_500
8912754429,0,1560174353,61,0,35.0,False,eu_500
8912754429,1,135188856,84,0,35.0,False,eu_500
8912754429,2,61184854,54,0,35.0,False,eu_500
8912754429,3,1101488745,64,0,41.0,False,eu_500
8912754429,4,1270452541,11,0,35.0,False,eu_500
8912754429,128,164635739,21,0,31.0,False,eu_500
8912754429,129,1172433462,29,0,31.0,False,eu_500
8912754429,130,1278985786,26,0,33.0,False,eu_500
8912754429,131,165340092,12,0,35.0,False,eu_500
8912754429,132,1183518517,20,0,35.0,False,eu_500
8912754431,0,93369581,84,0,75.0,False,eu_500
8912754431,1,139118622,129,0,,False,eu_500
8912754431,2,842455999,35,0,74.0,False,eu_500
8912754431,3,219914203,26,0,73.0,False,eu_500
8912754431,4,119686037,18,0,74.0,False,eu_500
8912754431,128,1013584696,41,0,74.0,False,eu_500
8912754431,129,1100664163,46,0,74.0,False,eu_500
8912754431,130,1508921221,36,0,64.0,False,eu_500
8912754431,131,239100800,128,0,71.0,False,eu_500
8912754431,132,106127345,64,0,75.0,False,eu_500
8912754433,0,328546790,112,0,24.0,False,eu_500
8912754433,1,150689146,48,0,25.0,False,eu_500
8912754433,2,1705676744,104,0,33.0,False,eu_500
8912754433,3,353901945,34,0,34.0,False,eu_500
8912754433,4,202741457,61,0,33.0,False,eu_500
8912754433,128,1224070889,70,1,32.0,False,eu_500
8912754433,129,474765736,30,0,33.0,False,eu_500
8912754433,130,1363893238,7,0,32.0,False,eu_500
8912754433,131,107336595,54,0,33.0,False,eu_500
8912754433,132,1277011864,84,0,33.0,False,eu_500
8912754469,0,174345275,54,0,61.0,False,eu_500
8912754469,1,97325171,85,0,71.0,False,eu_500
8912754469,2,190458529,104,0,63.0,False,eu_500
8912754469,3,486478764,26,0,45.0,False,eu_500
8912754469,4,244624449,101,0,65.0,False,eu_500
8912754469,128,292090922,1,0,71.0,False,eu_500
8912754469,129,179339188,60,0,55.0,False,eu_500
8912754469,130,1269557074,27,0,55.0,False,eu_500
8912754469,131,1466138806,52,0,62.0,False,eu_500
8912754469,132,1258818341,105,0,63.0,False,eu_500
8912754477,0,1182995719,42,0,33.0,False,eu_500
8912754477,1,126769828,8,0,32.0,False,eu_500
8912754477,2,75718967,88,0,31.0,False,eu_500
8912754477,3,1207854362,84,0,34.0,False,eu_500
8912754477,4,431153440,26,1,24.0,False,eu_500
8912754477,128,1168027009,102,0,23.0,False,eu_500
8912754477,129,313059794,2,0,34.0,False,eu_500
8912754477,130,873996285,39,0,33.0,False,eu_500
8912754477,131,1136283529,111,0,33.0,False,eu_500
8912754477,132,1267495494,6,0,33.0,False,eu_500
8912754480,0,1830194315,74,0,71.0,False,eu_500
8912754480,1,397871371,3,0,54.0,False,eu_500
8912754480,2,388001578,21,0,71.0,False,eu_500
8912754480,3,1083474764,20,0,72.0,False,eu_500
8912754480,4,1198984638,17,0,65.0,False,eu_500
8912754480,128,141369005,97,0,74.0,False,eu_500
8912754480,129,1013562157,30,0,51.0,False,eu_500
8912754480,130,1141830943,101,0,64.0,False,eu_500
8912754480,131,171045275,2,0,72.0,False,eu_500
8912754480,132,204783940,44,0,65.0,False,eu_500
8912902723,0,1247886336,36,0,12.0,False,holdout_100
8912902723,1,1029796098,85,0,21.0,False,holdout_100
8912902723,2,834159358,104,0,12.0,False,holdout_100
8912902723,3,896683977,6,0,,False,holdout_100
8912902723,4,1385297999,121,0,21.0,False,holdout_100
8912902723,128,844821276,22,0,21.0,False,holdout_100
8912902723,129,1205748293,99,0,,False,holdout_100
8912902723,130,109999368,94,0,,False,holdout_100
8912902723,131,197953147,84,0,12.0,False,holdout_100
8912902723,132,765219732,7,0,12.0,False,holdout_100
8912902756,0,382911181,93,0,65.0,False,holdout_100
8912902756,1,473205599,74,0,72.0,False,holdout_100
8912902756,2,936873947,35,0,62.0,False,holdout_100
8912902756,3,804500811,51,0,44.0,False,holdout_100
8912902756,4,179669133,29,0,65.0,False,holdout_100
8912902756,128,130601008,55,0,75.0,False,holdout_100
8912902756,129,367558896,123,0,64.0,False,holdout_100
8912902756,130,139763136,40,0,55.0,False,holdout_100
8912902756,131,1523717542,4,0,71.0,False,holdout_100
8912902756,132,419382381,20,0,63.0,False,holdout_100
8912902891,0,1095765225,88,0,12.0,False,holdout_100
8912902891,1,1708760269,5,0,,False,holdout_100
8912902891,2,1282353165,16,0,14.0,False,holdout_100
8912902891,3,425403155,129,0,13.0,False,holdout_100
8912902891,4,372635212,1,0,13.0,False,holdout_100
8912902891,128,1480098429,46,0,12.0,False,holdout_100
8912902891,129,1836167772,31,0,14.0,False,holdout_100
8912902891,130,1733001614,8,0,13.0,False,holdout_100
8912902891,131,1094322391,76,0,12.0,False,holdout_100
8912902891,132,1100137237,14,0,,False,holdout_100
8912902898,0,217921085,30,0,64.0,False,holdout_100
8912902898,1,122569055,104,0,63.0,False,holdout_100
8912902898,2,400545393,74,0,61.0,False,holdout_100
8912902898,3,905612926,48,0,52.0,False,holdout_100
8912902898,4,415219598,75,0,63.0,False,holdout_100
8912902898,128,202003470,86,0,63.0,False,holdout_100
8912902898,129,154326765,29,0,61.0,False,holdout_100
8912902898,130,149534421,93,0,72.0,False,holdout_100
8912902898,131,175426595,52,0,62.0,False,holdout_100
8912902898,132,130097307,7,0,63.0,False,holdout_100
8912902938,0,57982376,43,0,61.0,False,holdout_100
8912902938,1,243579821,107,0,63.0,False,holdout_100
8912902938,2,322104943,41,0,63.0,False,holdout_100
8912902938,3,1901565589,34,0,53.0,False,holdout_100
8912902938,4,192796277,96,0,64.0,False,holdout_100
8912902938,128,165936498,74,0,73.0,False,holdout_100
8912902938,129,144006282,138,0,64.0,False,holdout_100
8912902938,130,199954673,111,0,45.0,False,holdout_100
8912902938,131,1457807599,104,0,55.0,False,holdout_100
8912902938,132,427202921,14,0,,False,holdout_100
8912902957,0,141574363,84,0,51.0,False,holdout_100
8912902957,1,236407189,108,0,55.0,False,holdout_100
8912902957,2,1165586034,56,0,54.0,False,holdout_100
8912902957,3,325410871,30,0,53.0,False,holdout_100
8912902957,4,146704608,9,0,53.0,False,holdout_100
8912902957,128,143156797,81,0,55.0,False,holdout_100
8912902957,129,1218751920,20,0,54.0,False,holdout_100
8912902957,130,379736111,12,0,51.0,False,holdout_100
8912902957,131,478999278,121,0,52.0,False,holdout_100
8912902957,132,361566079,88,0,54.0,False,holdout_100
8912903007,0,160245901,29,0,24.0,False,holdout_100
8912903007,1,739521591,21,0,,False,holdout_100
8912903007,2,905162892,65,0,14.0,False,holdout_100
8912903007,3,43018017,71,0,22.0,False,holdout_100
8912903007,4,197885791,35,0,15.0,False,holdout_100
8912903007,128,1510608895,85,0,23.0,False,holdout_100
8912903007,129,384509595,14,0,23.0,False,holdout_100
8912903007,130,119648331,26,0,,False,holdout_100
8912903007,131,1423211239,44,0,24.0,False,holdout_100
8912903007,132,73002351,100,0,24.0,False,holdout_100
8912903021,0,265428636,35,0,12.0,False,holdout_100
8912903021,1,1134841172,27,0,14.0,False,holdout_100
8912903021,2,285653934,41,0,13.0,False,holdout_100
8912903021,3,344918465,105,0,15.0,False,holdout_100
8912903021,4,128556324,40,0,12.0,False,holdout_100
8912903021,128,855932726,84,0,12.0,False,holdout_100
8912903021,129,193462357,8,0,13.0,False,holdout_100
8912903021,130,447876639,120,0,13.0,False,holdout_100
8912903021,131,1021504603,75,0,15.0,False,holdout_100
8912903021,132,348199826,59,0,13.0,False,holdout_100
8912903038,0,325297080,35,0,23.0,False,holdout_100
8912903038,1,385095818,20,0,33.0,False,holdout_100
8912903038,2,228785277,49,0,31.0,False,holdout_100
8912903038,3,355201593,71,0,,False,holdout_100
8912903038,4,189279062,14,0,41.0,False,holdout_100
8912903038,128,344352659,5,0,34.0,False,holdout_100
8912903038,129,1275531960,2,0,35.0,False,holdout_100
8912903038,130,367690099,6,0,31.0,False,holdout_100
8912903038,131,168593246,75,0,,False,holdout_100
8912903038,132,343958375,52,0,32.0,False,holdout_100
8912903103,0,105238298,32,0,31.0,False,holdout_100
8912903103,1,422543339,27,0,25.0,False,holdout_100
8912903103,2,309196786,80,0,25.0,False,holdout_100
8912903103,3,1113249577,44,0,31.0,False,holdout_100
8912903103,4,130366563,9,0,31.0,False,holdout_100
8912903103,128,197311018,35,0,25.0,False,holdout_100
8912903103,129,283344754,85,0,15.0,False,holdout_100
8912903103,130,1142216112,21,0,31.0,False,holdout_100
8912903103,131,1436344391,128,0,24.0,False,holdout_100
8912903103,132,81383977,30,0,24.0,False,holdout_100
8912903110,0,837622545,114,0,23.0,False,holdout_100
8912903110,1,298200034,85,0,22.0,False,holdout_100
8912903110,2,303120466,39,0,24.0,False,holdout_100
8912903110,3,358969121,84,0,24.0,False,holdout_100
8912903110,4,1026592009,35,0,14.0,False,holdout_100
8912903110,128,921974483,36,0,,False,holdout_100
8912903110,129,1603008157,106,0,25.0,False,holdout_100
8912903110,130,113830737,26,0,15.0,False,holdout_100
8912903110,131,1004474720,71,0,25.0,False,holdout_100
8912903110,132,1018040432,99,0,25.0,False,holdout_100
8912903134,0,170254366,25,0,54.0,False,holdout_100
8912903134,1,199912790,1,0,63.0,False,holdout_100
8912903134,2,1144689249,62,0,62.0,False,holdout_100
8912903134,3,888928492,74,0,73.0,False,holdout_100
8912903134,4,1285838945,16,0,61.0,False,holdout_100
8912903134,128,783553575,7,0,35.0,False,holdout_100
8912903134,129,493557756,51,0,72.0,False,holdout_100
8912903134,130,344637101,101,0,71.0,False,holdout_100
8912903134,131,219015166,44,0,53.0,False,holdout_100
8912903134,132,132447949,28,0,63.0,False,holdout_100
8912903153,0,230837021,15,0,63.0,False,holdout_100
8912903153,1,356874264,81,0,42.0,False,holdout_100
8912903153,2,787007279,128,0,34.0,False,holdout_100
8912903153,3,252209121,75,0,61.0,False,holdout_100
8912903153,4,1090328524,129,0,71.0,False,holdout_100
8912903153,128,1218215879,20,0,43.0,False,holdout_100
8912903153,129,101570428,86,0,64.0,False,holdout_100
8912903153,130,347773488,96,0,55.0,False,holdout_100
8912903153,131,1927639059,45,0,51.0,False,holdout_100
8912903153,132,323067746,12,0,43.0,False,holdout_100
8912903154,0,356445012,25,0,54.0,False,holdout_100
8912903154,1,1582467975,31,0,,False,holdout_100
8912903154,2,364998455,14,0,24.0,False,holdout_100
8912903154,3,108475636,39,0,43.0,False,holdout_100
8912903154,4,151677163,19,0,44.0,False,holdout_100
8912903154,128,175792630,74,0,25.0,False,holdout_100
8912903154,129,443037322,21,0,41.0,False,holdout_100
8912903154,130,875837510,60,0,62.0,False,holdout_100
8912903154,131,1454809078,18,0,51.0,False,holdout_100
8912903154,132,1602460197,5,0,42.0,False,holdout_100
8912903224,0,170809538,48,0,62.0,False,holdout_100
8912903224,1,106006392,101,0,62.0,False,holdout_100
8912903224,2,44495222,5,0,64.0,False,holdout_100
8912903224,3,216771449,40,0,61.0,False,holdout_100
8912903224,4,136287371,96,0,63.0,False,holdout_100
8912903224,128,129571660,71,0,62.0,False,holdout_100
8912903224,129,194612109,88,0,63.0,False,holdout_100
8912903224,130,1674189926,97,0,63.0,False,holdout_100
8912903224,131,114323391,22,0,64.0,False,holdout_100
8912903224,132,1677351346,25,0,53.0,False,holdout_100
8912903234,0,262464956,7,0,43.0,False,holdout_100
8912903234,1,163736657,35,0,43.0,False,holdout_100
8912903234,2,1146325785,18,0,54.0,False,holdout_100
8912903234,3,478467805,64,0,53.0,False,holdout_100
8912903234,4,1117015109,15,0,15.0,False,holdout_100
8912903234,128,136983265,19,0,62.0,False,holdout_100
8912903234,129,267900444,14,0,45.0,False,holdout_100
8912903234,130,168810748,25,0,43.0,False,holdout_100
8912903234,131,143375987,21,0,42.0,False,holdout_100
8912903234,132,220153551,3,0,54.0,False,holdout_100
8912903238,0,125706263,8,0,54.0,False,holdout_100
8912903238,1,155194060,37,0,53.0,False,holdout_100
8912903238,2,202201002,80,0,52.0,False,holdout_100
8912903238,3,131643215,98,0,52.0,False,holdout_100
8912903238,4,1181547088,86,0,44.0,False,holdout_100
8912903238,128,381948956,14,0,52.0,False,holdout_100
8912903238,129,489219007,17,0,53.0,False,holdout_100
8912903238,130,143704749,70,0,51.0,False,holdout_100
8912903238,131,919451033,100,0,53.0,False,holdout_100
8912903238,132,35605094,123,0,52.0,False,holdout_100
8912903246,0,355089810,93,0,55.0,False,holdout_100
8912903246,1,103940570,53,0,61.0,False,holdout_100
8912903246,2,72490807,7,0,62.0,False,holdout_100
8912903246,3,121394898,120,0,61.0,False,holdout_100
8912903246,4,458779939,48,0,61.0,False,holdout_100
8912903246,128,1042824438,9,0,61.0,False,holdout_100
8912903246,129,1141526508,36,0,61.0,False,holdout_100
8912903246,130,228020281,112,0,62.0,False,holdout_100
8912903246,131,142587055,1,0,53.0,False,holdout_100
8912903246,132,859964563,15,0,62.0,False,holdout_100
8912903260,0,167094781,85,0,43.0,False,holdout_100
8912903260,1,168367725,45,0,45.0,False,holdout_100
8912903260,2,104137113,54,0,45.0,False,holdout_100
8912903260,3,891781776,112,0,53.0,False,holdout_100
8912903260,4,1668424550,58,0,45.0,False,holdout_100
8912903260,128,178735751,48,0,43.0,False,holdout_100
8912903260,129,1198363240,20,0,43.0,False,holdout_100
8912903260,130,178788622,39,0,61.0,False,holdout_100
8912903260,131,187896574,16,0,33.0,False,holdout_100
8912903260,132,174875651,31,0,45.0,False,holdout_100
8912903288,0,426500728,86,0,52.0,False,holdout_100
8912903288,1,150575830,50,0,52.0,False,holdout_100
8912903288,2,182865837,104,0,51.0,False,holdout_100
8912903288,3,396193708,6,0,61.0,False,holdout_100
8912903288,4,117820836,7,0,41.0,False,holdout_100
8912903288,128,205605473,97,0,53.0,False,holdout_100
8912903288,129,194110165,84,0,35.0,False,holdout_100
8912903288,130,1830275899,29,0,45.0,False,holdout_100
8912903288,131,1426000654,25,0,41.0,False,holdout_100
8912903288,132,1041785871,20,0,33.0,False,holdout_100
8912903307,0,194351692,84,0,62.0,False,holdout_100
8912903307,1,172111787,136,0,62.0,False,holdout_100
8912903307,2,835133941,93,1,63.0,False,holdout_100
8912903307,3,169442792,2,0,64.0,False,holdout_100
8912903307,4,335547398,26,0,52.0,False,holdout_100
8912903307,128,325065030,74,0,62.0,False,holdout_100
8912903307,129,147551001,25,0,62.0,False,holdout_100
8912903307,130,483621686,33,0,62.0,False,holdout_100
8912903307,131,109580480,30,0,62.0,False,holdout_100
8912903307,132,339542082,6,0,63.0,False,holdout_100
8912903335,0,200194801,101,0,23.0,False,holdout_100
8912903335,1,231403767,14,0,15.0,False,holdout_100
8912903335,2,1109588195,29,0,25.0,False,holdout_100
8912903335,3,411996298,35,0,22.0,False,holdout_100
8912903335,4,334391883,44,0,23.0,False,holdout_100
8912903335,128,264983456,100,0,23.0,False,holdout_100
8912903335,129,141470435,85,0,24.0,False,holdout_100
8912903335,130,453733060,22,0,24.0,False,holdout_100
8912903335,131,1290827041,46,0,21.0,False,holdout_100
8912903335,132,105958263,9,0,24.0,False,holdout_100
8912903373,0,104645165,81,0,15.0,False,holdout_100
8912903373,1,361640505,21,0,13.0,False,holdout_100
8912903373,2,881734585,1,0,15.0,False,holdout_100
8912903373,3,1444753787,47,0,12.0,False,holdout_100
8912903373,4,1840516804,72,0,14.0,False,holdout_100
8912903373,128,814227254,26,0,24.0,False,holdout_100
8912903373,129,1298304070,128,0,14.0,False,holdout_100
8912903373,130,210685229,42,0,22.0,False,holdout_100
8912903373,131,128574690,103,0,,False,holdout_100
8912903373,132,1796839052,39,0,13.0,False,holdout_100
8912903414,0,326052110,84,0,53.0,False,holdout_100
8912903414,1,121551450,38,0,55.0,False,holdout_100
8912903414,2,141763863,94,0,53.0,False,holdout_100
8912903414,3,363264656,80,0,54.0,False,holdout_100
8912903414,4,347080744,105,0,55.0,False,holdout_100
8912903414,128,295489089,135,0,54.0,False,holdout_100
8912903414,129,1178875774,123,0,43.0,False,holdout_100
8912903414,130,1444041867,11,0,45.0,False,holdout_100
8912903414,131,386608764,68,0,55.0,False,holdout_100
8912903414,132,162570298,21,0,55.0,False,holdout_100
8912903418,0,1792767911,74,0,32.0,False,holdout_100
8912903418,1,285896578,114,0,33.0,False,holdout_100
8912903418,2,445773416,121,0,22.0,False,holdout_100
8912903418,3,120468334,55,0,32.0,False,holdout_100
8912903418,4,136353302,2,0,33.0,False,holdout_100
8912903418,128,88248624,17,0,32.0,False,holdout_100
8912903418,129,278816688,84,0,23.0,False,holdout_100
8912903418,130,1108067873,29,0,32.0,False,holdout_100
8912903418,131,1257078166,44,0,24.0,False,holdout_100
8912903418,132,192225537,20,0,32.0,False,holdout_100
8912903423,0,1025617364,101,0,51.0,False,holdout_100
8912903423,1,197401978,25,0,62.0,False,holdout_100
8912903423,2,378222016,53,0,51.0,False,holdout_100
8912903423,3,112831973,96,0,53.0,False,holdout_100
8912903423,4,926516872,44,0,51.0,False,holdout_100
8912903423,128,1075311253,39,0,52.0,False,holdout_100
8912903423,129,416547446,64,0,51.0,False,holdout_100
8912903423,130,1120711681,8,0,53.0,False,holdout_100
8912903423,131,205937632,74,0,55.0,False,holdout_100
8912903423,132,153899251,71,0,44.0,False,holdout_100
8912903448,0,348414878,112,0,51.0,False,holdout_100
8912903448,1,197382469,75,0,53.0,False,holdout_100
8912903448,2,218747229,7,0,43.0,False,holdout_100
8912903448,3,158168397,109,0,42.0,False,holdout_100
8912903448,4,1604521161,60,0,45.0,False,holdout_100
8912903448,128,381233782,84,0,53.0,False,holdout_100
8912903448,129,118216106,86,0,52.0,False,holdout_100
8912903448,130,343627755,126,0,53.0,False,holdout_100
8912903448,131,366287215,14,0,,False,holdout_100
8912903448,132,386858673,8,0,51.0,False,holdout_100
8912903540,0,119765318,39,0,14.0,False,holdout_100
8912903540,1,371721843,87,0,12.0,False,holdout_100
8912903540,2,345571768,51,0,14.0,False,holdout_100
8912903540,3,769249001,95,0,,False,holdout_100
8912903540,4,423593242,7,0,13.0,False,holdout_100
8912903540,128,1024936283,44,0,15.0,False,holdout_100
8912903540,129,382261995,5,0,13.0,False,holdout_100
8912903540,130,71835863,104,0,14.0,False,holdout_100
8912903540,131,179314054,35,0,13.0,False,holdout_100
8912903540,132,1622202965,22,0,,False,holdout_100
8912903570,0,370587108,22,1,62.0,False,holdout_100
8912903570,1,121046443,135,0,55.0,False,holdout_100
8912903570,2,142593097,82,0,61.0,False,holdout_100
8912903570,3,129111364,71,0,54.0,False,holdout_100
8912903570,4,101298454,93,1,54.0,False,holdout_100
8912903570,128,1224040024,1,0,62.0,False,holdout_100
8912903570,129,1160247943,83,0,53.0,False,holdout_100
8912903570,130,170519956,105,0,65.0,False,holdout_100
8912903570,131,1900043806,97,0,55.0,False,holdout_100
8912903570,132,761513992,60,0,61.0,False,holdout_100
8912903571,0,417218914,119,0,34.0,False,holdout_100
8912903571,1,792166137,135,0,52.0,False,holdout_100
8912903571,2,1076141023,75,0,35.0,False,holdout_100
8912903571,3,79237585,97,0,51.0,False,holdout_100
8912903571,4,175259471,44,0,52.0,False,holdout_100
8912903571,128,38968989,42,0,41.0,False,holdout_100
8912903571,129,790398067,131,0,63.0,False,holdout_100
8912903571,130,101254557,1,0,42.0,False,holdout_100
8912903571,131,1003388808,105,0,44.0,False,holdout_100
8912903571,132,1454752899,36,0,63.0,False,holdout_100
8912903646,0,399938146,129,0,33.0,False,holdout_100
8912903646,1,916243088,27,0,35.0,False,holdout_100
8912903646,2,206294966,12,0,33.0,False,holdout_100
8912903646,3,1259354406,43,0,34.0,False,holdout_100
8912903646,4,396612641,37,0,31.0,False,holdout_100
8912903646,128,177740962,39,0,41.0,False,holdout_100
8912903646,129,1033044083,29,0,35.0,False,holdout_100
8912903646,130,164348124,8,0,42.0,False,holdout_100
8912903646,131,162281660,26,0,31.0,False,holdout_100
8912903646,132,1879384242,75,0,35.0,False,holdout_100
8912903723,0,238357129,123,0,53.0,False,holdout_100
8912903723,1,124853688,41,0,64.0,False,holdout_100
8912903723,2,140682341,2,0,71.0,False,holdout_100
8912903723,3,184622518,74,0,51.0,False,holdout_100
8912903723,4,139897585,9,0,35.0,False,holdout_100
8912903723,128,102542066,22,0,44.0,False,holdout_100
8912903723,129,162278153,40,0,45.0,False,holdout_100
8912903723,130,102554970,93,0,71.0,False,holdout_100
8912903723,131,223044539,13,0,55.0,False,holdout_100
8912903723,132,872930567,88,0,42.0,False,holdout_100
8912903740,0,426446270,69,0,63.0,False,holdout_100
8912903740,1,1259853931,18,0,62.0,False,holdout_100
8912903740,2,158393188,128,0,62.0,False,holdout_100
8912903740,3,145299803,9,0,61.0,False,holdout_100
8912903740,4,322213087,75,0,61.0,False,holdout_100
8912903740,128,353547661,12,0,62.0,False,holdout_100
8912903740,129,306057912,76,0,62.0,False,holdout_100
8912903740,130,102753165,14,0,62.0,False,holdout_100
8912903740,131,163771545,31,0,51.0,False,holdout_100
8912903740,132,894272111,36,0,61.0,False,holdout_100
8912903806,0,219026334,26,0,14.0,False,holdout_100
8912903806,1,321503295,10,0,23.0,False,holdout_100
8912903806,2,925905050,99,0,21.0,False,holdout_100
8912903806,3,143383404,138,0,22.0,False,holdout_100
8912903806,4,796175344,5,0,14.0,False,holdout_100
8912903806,128,278767566,126,0,14.0,False,holdout_100
8912903806,129,1099041343,56,0,22.0,False,holdout_100
8912903806,130,144851652,112,0,22.0,False,holdout_100
8912903806,131,827258228,104,0,21.0,False,holdout_100
8912903806,132,1123395660,35,0,14.0,False,holdout_100
8912903928,0,994488187,29,0,,False,holdout_100
8912903928,1,1064996454,8,0,,False,holdout_100
8912903928,2,1341612956,14,0,25.0,False,holdout_100
8912903928,3,92470654,21,0,44.0,False,holdout_100
8912903928,4,188900341,73,0,41.0,False,holdout_100
8912903928,128,230150603,35,0,25.0,False,holdout_100
8912903928,129,394010317,74,0,41.0,False,holdout_100
8912903928,130,1608868853,27,0,61.0,False,holdout_100
8912903928,131,722206663,93,0,,False,holdout_100
8912903928,132,723401690,2,0,,False,holdout_100
8912903940,0,146724945,104,0,63.0,False,holdout_100
8912903940,1,173854307,11,0,63.0,False,holdout_100
8912903940,2,1061996173,111,0,63.0,False,holdout_100
8912903940,3,347769794,47,0,62.0,False,holdout_100
8912903940,4,101325802,105,0,64.0,False,holdout_100
8912903940,128,95772638,67,0,62.0,False,holdout_100
8912903940,129,46658218,121,0,55.0,False,holdout_100
8912903940,130,136953563,7,0,63.0,False,holdout_100
8912903940,131,1127200761,3,0,63.0,False,holdout_100
8912903940,132,153173802,1,0,61.0,False,holdout_100
8912903957,0,195782971,54,0,54.0,False,holdout_100
8912903957,1,254377619,17,0,44.0,False,holdout_100
8912903957,2,136713820,55,0,51.0,False,holdout_100
8912903957,3,158299255,7,0,51.0,False,holdout_100
8912903957,4,148412316,35,0,51.0,False,holdout_100
8912903957,128,195445912,26,0,43.0,False,holdout_100
8912903957,129,912250196,106,0,61.0,False,holdout_100
8912903957,130,392879940,2,0,52.0,False,holdout_100
8912903957,131,477128597,15,0,52.0,False,holdout_100
8912903957,132,176155439,84,0,55.0,False,holdout_100
8912904012,0,1457679466,90,0,24.0,False,holdout_100
8912904012,1,1442857341,37,0,,False,holdout_100
8912904012,2,1702929833,9,0,,False,holdout_100
8912904012,3,142237554,67,0,31.0,False,holdout_100
8912904012,4,1098705913,2,0,22.0,False,holdout_100
8912904012,128,189770216,81,0,31.0,False,holdout_100
8912904012,129,121475123,25,0,31.0,False,holdout_100
8912904012,130,381438884,26,0,,False,holdout_100
8912904012,131,299176545,40,0,32.0,False,holdout_100
8912904012,132,150673263,108,0,15.0,False,holdout_100
8912904035,0,324916763,81,0,,False,holdout_100
8912904035,1,313469027,86,0,32.0,False,holdout_100
8912904035,2,1419897683,72,0,32.0,False,holdout_100
8912904035,3,116776466,8,0,32.0,False,holdout_100
8912904035,4,861244309,33,0,23.0,False,holdout_100
8912904035,128,189615494,14,0,31.0,False,holdout_100
8912904035,129,188089139,69,0,24.0,False,holdout_100
8912904035,130,1032642069,75,0,32.0,False,holdout_100
8912904035,131,382716280,2,0,24.0,False,holdout_100
8912904035,132,393767202,6,1,31.0,False,holdout_100
8912904069,0,107897912,26,0,52.0,False,holdout_100
8912904069,1,197083013,135,0,61.0,False,holdout_100
8912904069,2,222258063,86,0,64.0,False,holdout_100
8912904069,3,138436815,34,0,54.0,False,holdout_100
8912904069,4,302887241,1,0,55.0,False,holdout_100
8912904069,128,184118724,72,0,51.0,False,holdout_100
8912904069,129,1482124847,39,0,61.0,False,holdout_100
8912904069,130,170757181,21,0,62.0,False,holdout_100
8912904069,131,214752690,8,0,62.0,False,holdout_100
8912904069,132,484004728,36,0,63.0,False,holdout_100
8912904071,0,1610466189,30,0,,False,holdout_100
8912904071,1,452898035,87,0,31.0,False,holdout_100
8912904071,2,190161648,8,0,34.0,False,holdout_100
8912904071,3,319515631,76,0,34.0,False,holdout_100
8912904071,4,171073874,85,0,14.0,False,holdout_100
8912904071,128,842113530,74,0,,False,holdout_100
8912904071,129,134758588,48,0,13.0,False,holdout_100
8912904071,130,36265136,7,0,13.0,False,holdout_100
8912904071,131,322905332,12,0,43.0,False,holdout_100
8912904071,132,248714248,5,0,22.0,False,holdout_100
8912904100,0,166449172,29,0,63.0,False,holdout_100
8912904100,1,316693360,21,0,34.0,False,holdout_100
8912904100,2,251097047,145,0,62.0,False,holdout_100
8912904100,3,114121409,86,0,42.0,False,holdout_100
8912904100,4,206058840,114,0,53.0,False,holdout_100
8912904100,128,909779272,8,0,41.0,False,holdout_100
8912904100,129,321935319,74,0,71.0,False,holdout_100
8912904100,130,351204286,90,0,51.0,False,holdout_100
8912904100,131,50293931,9,0,44.0,False,holdout_100
8912904100,132,146624484,23,0,63.0,False,holdout_100
8912904259,0,1165951991,109,0,,False,holdout_100
8912904259,1,101110444,123,0,25.0,False,holdout_100
8912904259,2,261420084,27,0,23.0,False,holdout_100
8912904259,3,424761512,56,0,15.0,False,holdout_100
8912904259,4,1579365184,6,1,25.0,False,holdout_100
8912904259,128,124415805,69,0,24.0,False,holdout_100
8912904259,129,236362219,9,0,24.0,False,holdout_100
8912904259,130,285754792,129,0,24.0,False,holdout_100
8912904259,131,352820582,67,0,25.0,False,holdout_100
8912904259,132,194274601,22,0,22.0,False,holdout_100
8912904282,0,317109324,76,0,22.0,False,holdout_100
8912904282,1,1481706830,44,1,23.0,False,holdout_100
8912904282,2,432862122,29,0,33.0,False,holdout_100
8912904282,3,1580344535,45,0,15.0,False,holdout_100
8912904282,4,357715932,75,0,,False,holdout_100
8912904282,128,1527267737,16,0,24.0,False,holdout_100
8912904282,129,1583417169,22,0,21.0,False,holdout_100
8912904282,130,149033218,67,0,15.0,False,holdout_100
8912904282,131,133095284,6,0,24.0,False,holdout_100
8912904282,132,163754148,39,0,23.0,False,holdout_100
8912904333,0,108194451,67,0,41.0,False,holdout_100
8912904333,1,116215761,30,0,34.0,False,holdout_100
8912904333,2,160800289,35,0,22.0,False,holdout_100
8912904333,3,161846856,60,0,31.0,False,holdout_100
8912904333,4,1874961732,84,0,24.0,False,holdout_100
8912904333,128,1051157958,95,1,35.0,False,holdout_100
8912904333,129,862324372,22,0,22.0,False,holdout_100
8912904333,130,739927429,26,0,,False,holdout_100
8912904333,131,403217608,33,0,35.0,False,holdout_100
8912904333,132,388166840,47,0,15.0,False,holdout_100
8912904402,0,107934920,58,0,35.0,False,holdout_100
8912904402,1,1029230669,135,0,32.0,False,holdout_100
8912904402,2,354394951,27,0,35.0,False,holdout_100
8912904402,3,448650573,14,0,24.0,False,holdout_100
8912904402,4,171334313,94,0,25.0,False,holdout_100
8912904402,128,352549798,126,0,35.0,False,holdout_100
8912904402,129,1838462711,29,0,32.0,False,holdout_100
8912904402,130,195149078,30,0,32.0,False,holdout_100
8912904402,131,369931140,6,0,33.0,False,holdout_100
8912904402,132,234664269,31,0,31.0,False,holdout_100
8912904444,0,401226700,8,0,25.0,False,holdout_100
8912904444,1,179759136,71,0,25.0,False,holdout_100
8912904444,2,183129211,14,0,25.0,False,holdout_100
8912904444,3,303990830,86,0,21.0,False,holdout_100
8912904444,4,1574232436,108,0,,False,holdout_100
8912904444,128,402166853,93,0,31.0,False,holdout_100
8912904444,129,106976459,47,0,31.0,False,holdout_100
8912904444,130,492923944,101,0,25.0,False,holdout_100
8912904444,131,186090884,135,0,31.0,False,holdout_100
8912904444,132,906311550,123,0,21.0,False,holdout_100
8912904459,0,365206384,35,0,33.0,False,holdout_100
8912904459,1,217555153,18,0,52.0,False,holdout_100
8912904459,2,133485908,128,0,51.0,False,holdout_100
8912904459,3,100537255,108,0,31.0,False,holdout_100
8912904459,4,316028864,105,0,45.0,False,holdout_100
8912904459,128,47116716,5,0,55.0,False,holdout_100
8912904459,129,359993346,16,0,44.0,False,holdout_100
8912904459,130,1033656348,56,0,41.0,False,holdout_100
8912904459,131,1783956349,83,0,41.0,False,holdout_100
8912904459,132,97041246,11,0,52.0,False,holdout_100
8912904474,0,810393880,93,0,43.0,False,holdout_100
8912904474,1,233834857,22,0,45.0,False,holdout_100
8912904474,2,1131207173,27,0,44.0,False,holdout_100
8912904474,3,177380580,108,0,51.0,False,holdout_100
8912904474,4,366423345,128,0,51.0,False,holdout_100
8912904474,128,288368696,68,0,41.0,False,holdout_100
8912904474,129,172659346,20,0,51.0,False,holdout_100
8912904474,130,818873661,19,0,51.0,False,holdout_100
8912904474,131,437226105,14,0,51.0,False,holdout_100
8912904474,132,130476227,85,0,43.0,False,holdout_100
8912904545,0,870127693,94,0,13.0,False,holdout_100
8912904545,1,195893681,101,0,23.0,False,holdout_100
8912904545,2,872043754,26,0,23.0,False,holdout_100
8912904545,3,117670713,135,0,25.0,False,holdout_100
8912904545,4,214009253,25,0,23.0,False,holdout_100
8912904545,128,424604867,48,0,23.0,False,holdout_100
8912904545,129,394784097,18,0,22.0,False,holdout_100
8912904545,130,1118493794,7,0,23.0,False,holdout_100
8912904545,131,70876716,40,0,23.0,False,holdout_100
8912904545,132,396448554,44,0,23.0,False,holdout_100
8912904559,0,154178826,52,0,42.0,False,holdout_100
8912904559,1,316234691,5,0,52.0,False,holdout_100
8912904559,2,278749996,16,0,43.0,False,holdout_100
8912904559,3,169085076,1,0,45.0,False,holdout_100
8912904559,4,144864556,7,0,35.0,False,holdout_100
8912904559,128,293000573,107,0,43.0,False,holdout_100
8912904559,129,839588254,6,0,51.0,False,holdout_100
8912904559,130,882295456,71,0,33.0,False,holdout_100
8912904559,131,1843365926,97,0,43.0,False,holdout_100
8912904559,132,1181551174,128,0,41.0,False,holdout_100
8912904563,0,204828158,75,0,25.0,False,holdout_100
8912904563,1,213110610,14,0,24.0,False,holdout_100
8912904563,2,180895582,6,0,25.0,False,holdout_100
8912904563,3,130300630,67,0,31.0,False,holdout_100
8912904563,4,388978550,21,0,22.0,False,holdout_100
8912904563,128,287419124,11,0,23.0,False,holdout_100
8912904563,129,435970905,10,0,25.0,False,holdout_100
8912904563,130,190404696,45,0,32.0,False,holdout_100
8912904563,131,113384621,90,0,23.0,False,holdout_100
8912904563,132,82418749,29,0,31.0,False,holdout_100
8912904600,0,183642606,128,0,51.0,False,holdout_100
8912904600,1,81071785,5,0,51.0,False,holdout_100
8912904600,2,1208288503,135,0,62.0,False,holdout_100
8912904600,3,421084352,31,0,51.0,False,holdout_100
8912904600,4,443670175,93,0,51.0,False,holdout_100
8912904600,128,133704330,54,0,54.0,False,holdout_100
8912904600,129,201599258,22,0,53.0,False,holdout_100
8912904600,130,1855312224,76,0,44.0,False,holdout_100
8912904600,131,343943329,57,0,25.0,False,holdout_100
8912904600,132,1854780773,7,0,35.0,False,holdout_100
8912904638,0,385819905,5,0,23.0,False,holdout_100
8912904638,1,833539164,99,0,32.0,False,holdout_100
8912904638,2,187432490,8,0,32.0,False,holdout_100
8912904638,3,200694387,119,0,31.0,False,holdout_100
8912904638,4,358880395,10,0,24.0,False,holdout_100
8912904638,128,452885803,84,0,31.0,False,holdout_100
8912904638,129,1003447584,106,0,22.0,False,holdout_100
8912904638,130,417448802,93,0,25.0,False,holdout_100
8912904638,131,1227405063,98,0,34.0,False,holdout_100
8912904638,132,824850920,27,0,24.0,False,holdout_100
8912904734,0,185058913,99,0,22.0,False,holdout_100
8912904734,1,1111267910,7,0,14.0,False,holdout_100
8912904734,2,1615737858,5,0,12.0,False,holdout_100
8912904734,3,1105672550,126,0,21.0,False,holdout_100
8912904734,4,1003552191,60,0,15.0,False,holdout_100
8912904734,128,1506658918,71,0,22.0,False,holdout_100
8912904734,129,1683449273,20,0,22.0,False,holdout_100
8912904734,130,1518925665,35,0,22.0,False,holdout_100
8912904734,131,1803345453,42,0,,False,holdout_100
8912904734,132,143272663,84,0,22.0,False,holdout_100
8912904735,0,223484809,7,0,,False,holdout_100
8912904735,1,281264268,41,0,14.0,False,holdout_100
8912904735,2,1869847486,90,0,,False,holdout_100
8912904735,3,232402354,94,0,32.0,False,holdout_100
8912904735,4,1387698098,47,0,,False,holdout_100
8912904735,128,918290668,56,0,44.0,False,holdout_100
8912904735,129,1015977379,26,0,,False,holdout_100
8912904735,130,1272029685,88,0,21.0,False,holdout_100
8912904735,131,197264871,50,0,21.0,False,holdout_100
8912904735,132,1805502389,35,0,,False,holdout_100
8912904771,0,258987467,93,0,62.0,False,holdout_100
8912904771,1,170079148,128,0,64.0,False,holdout_100
8912904771,2,62209359,42,0,53.0,False,holdout_100
8912904771,3,1040202331,88,0,64.0,False,holdout_100
8912904771,4,303817667,19,0,52.0,False,holdout_100
8912904771,128,397868036,63,0,64.0,False,holdout_100
8912904771,129,191262503,75,0,61.0,False,holdout_100
8912904771,130,96935506,76,0,65.0,False,holdout_100
8912904771,131,1117510026,73,0,65.0,False,holdout_100
8912904771,132,139817807,69,0,63.0,False,holdout_100
8912904788,0,763962675,94,0,,False,holdout_100
8912904788,1,1466488582,74,0,23.0,False,holdout_100
8912904788,2,294924316,56,0,15.0,False,holdout_100
8912904788,3,1025436827,16,0,21.0,False,holdout_100
8912904788,4,1031834159,75,0,23.0,False,holdout_100
8912904788,128,772690628,6,1,13.0,False,holdout_100
8912904788,129,1212221546,99,0,,False,holdout_100
8912904788,130,364937874,11,0,,False,holdout_100
8912904788,131,1411532553,84,0,22.0,False,holdout_100
8912904788,132,105235616,39,0,22.0,False,holdout_100
8912904804,0,323035125,35,0,53.0,False,holdout_100
8912904804,1,121091155,72,0,52.0,False,holdout_100
8912904804,2,142955449,6,0,54.0,False,holdout_100
8912904804,3,852293856,135,0,43.0,False,holdout_100
8912904804,4,137044678,7,0,41.0,False,holdout_100
8912904804,128,179215117,86,0,52.0,False,holdout_100
8912904804,129,140839788,8,0,52.0,False,holdout_100
8912904804,130,147220192,16,0,53.0,False,holdout_100
8912904804,131,77285569,75,0,53.0,False,holdout_100
8912904804,132,142195571,37,0,34.0,False,holdout_100
8912904849,0,1806565540,53,0,,False,holdout_100
8912904849,1,1101892378,86,0,51.0,False,holdout_100
8912904849,2,370222854,11,0,41.0,False,holdout_100
8912904849,3,874875130,107,0,32.0,False,holdout_100
8912904849,4,167684454,64,0,33.0,False,holdout_100
8912904849,128,160913585,21,0,23.0,False,holdout_100
8912904849,129,729356439,68,0,,False,holdout_100
8912904849,130,1705863635,31,0,,False,holdout_100
8912904849,131,487938038,114,0,32.0,False,holdout_100
8912904849,132,56435685,70,0,51.0,False,holdout_100
8912904913,0,411553126,42,0,51.0,False,holdout_100
8912904913,1,254298703,35,0,34.0,False,holdout_100
8912904913,2,884728036,48,0,52.0,False,holdout_100
8912904913,3,167537043,26,0,51.0,False,holdout_100
8912904913,4,207826781,39,0,44.0,False,holdout_100
8912904913,128,870587681,101,0,51.0,False,holdout_100
8912904913,129,359006406,8,0,33.0,False,holdout_100
8912904913,130,345550669,102,0,34.0,False,holdout_100
8912904913,131,904091143,123,0,45.0,False,holdout_100
8912904913,132,98993811,19,0,41.0,False,holdout_100
8912904916,0,1900586515,34,0,21.0,False,holdout_100
8912904916,1,930411032,7,0,24.0,False,holdout_100
8912904916,2,1620258994,97,0,43.0,False,holdout_100
8912904916,3,195015080,36,0,,False,holdout_100
8912904916,4,927293668,44,0,41.0,False,holdout_100
8912904916,128,302610973,78,0,41.0,False,holdout_100
8912904916,129,364357010,2,0,23.0,False,holdout_100
8912904916,130,1162844789,21,0,13.0,False,holdout_100
8912904916,131,359407973,128,0,41.0,False,holdout_100
8912904916,132,1202331160,12,0,32.0,False,holdout_100
8912904945,0,54360390,39,0,34.0,False,holdout_100
8912904945,1,286387638,35,0,34.0,False,holdout_100
8912904945,2,836893817,12,0,31.0,False,holdout_100
8912904945,3,391686461,42,0,35.0,False,holdout_100
8912904945,4,1017670710,93,0,34.0,False,holdout_100
8912904945,128,1017535720,6,0,31.0,False,holdout_100
8912904945,129,373305527,14,0,33.0,False,holdout_100
8912904945,130,367388094,7,0,34.0,False,holdout_100
8912904945,131,127686355,22,0,32.0,False,holdout_100
8912904945,132,1841543503,71,0,31.0,False,holdout_100
8912904955,0,185345183,123,0,14.0,False,holdout_100
8912904955,1,193882542,81,0,21.0,False,holdout_100
8912904955,2,1175164569,17,0,21.0,False,holdout_100
8912904955,3,387468424,33,0,15.0,False,holdout_100
8912904955,4,199211282,14,0,15.0,False,holdout_100
8912904955,128,779020440,55,0,,False,holdout_100
8912904955,129,1690023157,74,0,21.0,False,holdout_100
8912904955,130,1289439989,128,0,,False,holdout_100
8912904955,131,984692014,44,0,12.0,False,holdout_100
8912904955,132,794499862,99,0,13.0,False,holdout_100
8912904988,0,818059903,106,0,34.0,False,holdout_100
8912904988,1,351322849,48,0,32.0,False,holdout_100
8912904988,2,257645520,38,0,32.0,False,holdout_100
8912904988,3,151944871,119,0,32.0,False,holdout_100
8912904988,4,417606431,121,0,23.0,False,holdout_100
8912904988,128,215863769,67,0,32.0,False,holdout_100
8912904988,129,319866595,71,0,32.0,False,holdout_100
8912904988,130,346542845,2,0,32.0,False,holdout_100
8912904988,131,420334432,59,0,23.0,False,holdout_100
8912904988,132,1608028058,51,0,23.0,False,holdout_100
8912904989,0,339757854,108,0,24.0,False,holdout_100
8912904989,1,876244745,36,0,45.0,False,holdout_100
8912904989,2,147900732,80,0,62.0,False,holdout_100
8912904989,3,335103382,7,0,24.0,False,holdout_100
8912904989,4,191672849,27,0,55.0,False,holdout_100
8912904989,128,1831914936,74,1,55.0,False,holdout_100
8912904989,129,868164836,67,0,35.0,False,holdout_100
8912904989,130,881223795,14,0,53.0,False,holdout_100
8912904989,131,244860579,15,0,51.0,False,holdout_100
8912904989,132,136498867,86,0,55.0,False,holdout_100
8912904998,0,124041157,9,0,35.0,False,holdout_100
8912904998,1,396824583,42,0,35.0,False,holdout_100
8912904998,2,136166197,47,0,41.0,False,holdout_100
8912904998,3,125792527,30,0,34.0,False,holdout_100
8912904998,4,455299449,6,0,43.0,False,holdout_100
8912904998,128,1041807018,26,0,31.0,False,holdout_100
8912904998,129,189630994,59,0,41.0,False,holdout_100
8912904998,130,1655765049,20,0,34.0,False,holdout_100
8912904998,131,103329792,48,0,44.0,False,holdout_100
8912904998,132,1674245645,60,0,32.0,False,holdout_100
8912905012,0,761146863,95,0,,False,holdout_100
8912905012,1,1595837728,145,0,13.0,False,holdout_100
8912905012,2,197206591,6,0,,False,holdout_100
8912905012,3,126481771,99,0,14.0,False,holdout_100
8912905012,4,1849066791,32,0,12.0,False,holdout_100
8912905012,128,837265565,28,0,12.0,False,holdout_100
8912905012,129,301316898,35,0,14.0,False,holdout_100
8912905012,130,151457448,86,0,12.0,False,holdout_100
8912905012,131,325567688,59,0,,False,holdout_100
8912905012,132,477713970,84,0,13.0,False,holdout_100
8912905073,0,463096345,67,0,55.0,False,holdout_100
8912905073,1,292755799,84,0,52.0,False,holdout_100
8912905073,2,308727500,14,0,61.0,False,holdout_100
8912905073,3,443017023,76,0,55.0,False,holdout_100
8912905073,4,160971244,42,0,51.0,False,holdout_100
8912905073,128,138699487,98,0,61.0,False,holdout_100
8912905073,129,175074224,21,0,54.0,False,holdout_100
8912905073,130,300126608,48,0,45.0,False,holdout_100
8912905073,131,968496276,104,0,44.0,False,holdout_100
8912905073,132,359220869,87,0,54.0,False,holdout_100
8912905127,0,1770001991,20,0,,False,holdout_100
8912905127,1,210426547,22,0,32.0,False,holdout_100
8912905127,2,1443688948,56,0,31.0,False,holdout_100
8912905127,3,1137539028,14,0,23.0,False,holdout_100
8912905127,4,1259320300,42,0,,False,holdout_100
8912905127,128,454439695,8,0,31.0,False,holdout_100
8912905127,129,181160426,137,0,,False,holdout_100
8912905127,130,113819811,88,0,34.0,False,holdout_100
8912905127,131,195920629,19,0,33.0,False,holdout_100
8912905127,132,123885931,135,0,35.0,False,holdout_100
8912905179,0,254629307,5,0,61.0,False,holdout_100
8912905179,1,146099926,6,0,64.0,False,holdout_100
8912905179,2,206527979,100,0,74.0,False,holdout_100
8912905179,3,188844330,21,0,64.0,False,holdout_100
8912905179,4,234627166,104,0,62.0,False,holdout_100
8912905179,128,113773134,9,0,53.0,False,holdout_100
8912905179,129,171922671,43,0,65.0,False,holdout_100
8912905179,130,92571053,128,0,63.0,False,holdout_100
8912905179,131,97323766,60,0,65.0,False,holdout_100
8912905179,132,92586067,67,0,72.0,False,holdout_100
8912905185,0,184732390,84,0,62.0,False,holdout_100
8912905185,1,208802592,14,0,54.0,False,holdout_100
8912905185,2,1250862630,22,0,62.0,False,holdout_100
8912905185,3,338496249,128,0,62.0,False,holdout_100
8912905185,4,949971590,20,0,43.0,False,holdout_100
8912905185,128,102026779,12,0,62.0,False,holdout_100
8912905185,129,319437024,40,0,63.0,False,holdout_100
8912905185,130,181986717,90,0,61.0,False,holdout_100
8912905185,131,359402395,39,0,62.0,False,holdout_100
8912905185,132,1457534862,74,0,51.0,False,holdout_100
8912905230,0,243573108,44,0,32.0,False,holdout_100
8912905230,1,738065484,5,0,,False,holdout_100
8912905230,2,444367253,74,0,31.0,False,holdout_100
8912905230,3,189342789,131,0,33.0,False,holdout_100
8912905230,4,1707616182,2,0,33.0,False,holdout_100
8912905230,128,909112443,97,0,33.0,False,holdout_100
8912905230,129,753151131,99,0,31.0,False,holdout_100
8912905230,130,1924601469,53,0,23.0,False,holdout_100
8912905230,131,161622367,8,0,31.0,False,holdout_100
8912905230,132,115486164,35,0,33.0,False,holdout_100
8912905386,0,144182578,47,0,63.0,False,holdout_100
8912905386,1,204578435,2,0,62.0,False,holdout_100
8912905386,2,1466677130,54,0,61.0,False,holdout_100
8912905386,3,1108280245,7,0,64.0,False,holdout_100
8912905386,4,203529578,19,0,64.0,False,holdout_100
8912905386,128,140917654,6,0,65.0,False,holdout_100
8912905386,129,488825039,113,0,63.0,False,holdout_100
8912905386,130,1589045324,85,0,62.0,False,holdout_100
8912905386,131,313763834,26,0,62.0,False,holdout_100
8912905386,132,130555101,29,0,64.0,False,holdout_100
8912905428,0,1074115404,22,0,,False,holdout_100
8912905428,1,136200913,74,0,41.0,False,holdout_100
8912905428,2,802589886,70,0,34.0,False,holdout_100
8912905428,3,172796563,49,0,41.0,False,holdout_100
8912905428,4,493455111,79,0,22.0,False,holdout_100
8912905428,128,829444401,104,0,32.0,False,holdout_100
8912905428,129,1012368380,123,0,41.0,False,holdout_100
8912905428,130,455847293,13,0,41.0,False,holdout_100
8912905428,131,194087347,100,0,35.0,False,holdout_100
8912905428,132,239260018,88,0,41.0,False,holdout_100
8912905443,0,1279023865,18,0,12.0,False,holdout_100
8912905443,1,143575299,36,0,14.0,False,holdout_100
8912905443,2,1786973542,100,0,23.0,False,holdout_100
8912905443,3,1209424660,83,0,23.0,False,holdout_100
8912905443,4,1930660291,85,0,,False,holdout_100
8912905443,128,255439008,11,0,14.0,False,holdout_100
8912905443,129,192200850,37,0,21.0,False,holdout_100
8912905443,130,1214649013,74,0,21.0,False,holdout_100
8912905443,131,95568663,48,0,24.0,False,holdout_100
8912905443,132,1045488533,86,0,24.0,False,holdout_100
8912905493,0,256351655,11,0,41.0,False,holdout_100
8912905493,1,97160432,100,1,35.0,False,holdout_100
8912905493,2,1442503710,36,0,35.0,False,holdout_100
8912905493,3,1840185011,86,0,33.0,False,holdout_100
8912905493,4,181173587,25,0,42.0,False,holdout_100
8912905493,128,1839762860,138,0,34.0,False,holdout_100
8912905493,129,339799825,2,0,41.0,False,holdout_100
8912905493,130,137152204,75,0,35.0,False,holdout_100
8912905493,131,820592035,68,0,41.0,False,holdout_100
8912905493,132,887617471,35,0,33.0,False,holdout_100
8912905497,0,266086412,36,0,15.0,False,holdout_100
8912905497,1,149447997,87,0,23.0,False,holdout_100
8912905497,2,287906342,8,0,24.0,False,holdout_100
8912905497,3,136768872,73,0,23.0,False,holdout_100
8912905497,4,110974183,57,0,25.0,False,holdout_100
8912905497,128,341453985,13,0,15.0,False,holdout_100
8912905497,129,1225573953,80,0,25.0,False,holdout_100
8912905497,130,325969363,74,0,24.0,False,holdout_100
8912905497,131,152601930,71,0,25.0,False,holdout_100
8912905497,132,412888287,21,0,15.0,False,holdout_100
8912905500,0,90348945,54,0,65.0,False,holdout_100
8912905500,1,351623848,2,0,64.0,False,holdout_100
8912905500,2,194404442,31,0,64.0,False,holdout_100
8912905500,3,134390797,121,0,63.0,False,holdout_100
8912905500,4,1744556304,25,0,64.0,False,holdout_100
8912905500,128,154695959,90,0,54.0,False,holdout_100
8912905500,129,197125241,69,0,65.0,False,holdout_100
8912905500,130,97663783,74,1,54.0,False,holdout_100
8912905500,131,91538553,114,0,65.0,False,holdout_100
8912905500,132,104620555,92,0,65.0,False,holdout_100
8912905594,0,316535533,42,0,23.0,False,holdout_100
8912905594,1,1022167304,30,0,22.0,False,holdout_100
8912905594,2,1768112737,83,0,15.0,False,holdout_100
8912905594,3,222338674,9,0,23.0,False,holdout_100
8912905594,4,215037863,49,0,23.0,False,holdout_100
8912905594,128,156258420,84,0,23.0,False,holdout_100
8912905594,129,1075273222,22,0,11.0,False,holdout_100
8912905594,130,762953388,36,0,23.0,False,holdout_100
8912905594,131,1262419817,94,0,22.0,False,holdout_100
8912905594,132,933802873,105,0,14.0,False,holdout_100
8912905606,0,969118753,27,0,31.0,False,holdout_100
8912905606,1,416481753,53,0,21.0,False,holdout_100
8912905606,2,1794799412,85,0,31.0,False,holdout_100
8912905606,3,108425960,36,0,24.0,False,holdout_100
8912905606,4,138675991,94,0,31.0,False,holdout_100
8912905606,128,444613844,37,0,31.0,False,holdout_100
8912905606,129,164689671,9,0,15.0,False,holdout_100
8912905606,130,250979268,104,0,32.0,False,holdout_100
8912905606,131,141342402,67,0,25.0,False,holdout_100
8912905606,132,157974082,30,0,31.0,False,holdout_100
8912905636,0,1086613148,105,0,14.0,False,holdout_100
8912905636,1,358904454,67,0,24.0,False,holdout_100
8912905636,2,366916668,126,0,31.0,False,holdout_100
8912905636,3,838211743,5,0,31.0,False,holdout_100
8912905636,4,493997277,21,0,23.0,False,holdout_100
8912905636,128,367323202,11,0,21.0,False,holdout_100
8912905636,129,1263824226,42,0,21.0,False,holdout_100
8912905636,130,379662599,26,0,23.0,False,holdout_100
8912905636,131,849549878,39,0,31.0,False,holdout_100
8912905636,132,94256320,22,0,15.0,False,holdout_100
8912905659,0,396820276,97,0,55.0,False,holdout_100
8912905659,1,1899729750,54,0,55.0,False,holdout_100
8912905659,2,88563221,135,0,54.0,False,holdout_100
8912905659,3,169045218,75,0,61.0,False,holdout_100
8912905659,4,447509924,53,0,55.0,False,holdout_100
8912905659,128,86814135,3,0,44.0,False,holdout_100
8912905659,129,123516578,86,0,55.0,False,holdout_100
8912905659,130,1355143552,26,1,55.0,False,holdout_100
8912905659,131,1103780226,129,0,54.0,False,holdout_100
8912905659,132,100153485,8,0,55.0,False,holdout_100
8912905677,0,139868530,36,0,71.0,False,holdout_100
8912905677,1,136554395,31,0,71.0,False,holdout_100
8912905677,2,145166399,9,0,72.0,False,holdout_100
8912905677,3,155568411,104,0,65.0,False,holdout_100
8912905677,4,172147720,8,0,65.0,False,holdout_100
8912905677,128,121156372,131,0,71.0,False,holdout_100
8912905677,129,274234824,108,0,71.0,False,holdout_100
8912905677,130,459362868,35,0,62.0,False,holdout_100
8912905677,131,92330904,138,0,72.0,False,holdout_100
8912905677,132,160288507,28,0,72.0,False,holdout_100
8912905697,0,155232047,27,0,61.0,False,holdout_100
8912905697,1,391168685,86,0,61.0,False,holdout_100
8912905697,2,380610729,104,0,64.0,False,holdout_100
8912905697,3,307340228,6,0,61.0,False,holdout_100
8912905697,4,379708237,76,0,55.0,False,holdout_100
8912905697,128,163582865,96,0,62.0,False,holdout_100
8912905697,129,128508626,79,0,62.0,False,holdout_100
8912905697,130,433324169,128,0,62.0,False,holdout_100
8912905697,131,58834586,85,0,63.0,False,holdout_100
8912905697,132,1223765368,8,0,63.0,False,holdout_100
8912905720,0,870508247,93,0,53.0,False,holdout_100
8912905720,1,194963702,62,0,45.0,False,holdout_100
8912905720,2,374059991,11,0,62.0,False,holdout_100
8912905720,3,1138984232,36,0,72.0,False,holdout_100
8912905720,4,857139382,135,0,62.0,False,holdout_100
8912905720,128,788453271,2,0,35.0,False,holdout_100
8912905720,129,359921584,6,0,51.0,False,holdout_100
8912905720,130,350384099,86,0,52.0,False,holdout_100
8912905720,131,916797297,27,0,55.0,False,holdout_100
8912905720,132,875238919,107,0,55.0,False,holdout_100
8912905824,0,793442795,25,0,53.0,False,holdout_100
8912905824,1,190537161,81,0,64.0,False,holdout_100
8912905824,2,1451796802,9,0,62.0,False,holdout_100
8912905824,3,131900407,107,0,52.0,False,holdout_100
8912905824,4,1187496572,6,0,61.0,False,holdout_100
8912905824,128,354641943,14,0,63.0,False,holdout_100
8912905824,129,119656770,8,0,64.0,False,holdout_100
8912905824,130,101578000,36,0,53.0,False,holdout_100
8912905824,131,170486221,71,0,55.0,False,holdout_100
8912905824,132,1304679711,111,0,54.0,False,holdout_100
8912905926,0,233999573,54,0,61.0,False,holdout_100
8912905926,1,913185150,7,0,61.0,False,holdout_100
8912905926,2,1856418870,90,0,42.0,False,holdout_100
8912905926,3,405945191,128,0,63.0,False,holdout_100
8912905926,4,1224217212,77,0,,False,holdout_100
8912905926,128,148861476,45,0,61.0,False,holdout_100
8912905926,129,190155167,85,0,45.0,False,holdout_100
8912905926,130,164759568,11,0,53.0,False,holdout_100
8912905926,131,1505519347,29,0,61.0,False,holdout_100
8912905926,132,209180106,108,0,54.0,False,holdout_100
8912905928,0,1032151845,76,0,42.0,False,holdout_100
8912905928,1,1019009143,81,0,63.0,False,holdout_100
8912905928,2,400697523,108,0,63.0,False,holdout_100
8912905928,3,779099341,123,0,45.0,False,holdout_100
8912905928,4,165556617,7,0,,False,holdout_100
8912905928,128,179861538,84,0,53.0,False,holdout_100
8912905928,129,101531113,23,0,45.0,False,holdout_100
8912905928,130,55686823,87,0,41.0,False,holdout_100
8912905928,131,324834450,48,0,54.0,False,holdout_100
8912905928,132,1709534798,16,0,62.0,False,holdout_100
8912905965,0,149244039,25,0,34.0,False,holdout_100
8912905965,1,235734181,131,0,33.0,False,holdout_100
8912905965,2,117530085,108,0,25.0,False,holdout_100
8912905965,3,313048795,90,0,31.0,False,holdout_100
8912905965,4,186841073,67,0,24.0,False,holdout_100
8912905965,128,432576294,103,0,24.0,False,holdout_100
8912905965,129,388781355,104,0,41.0,False,holdout_100
8912905965,130,155235978,44,0,31.0,False,holdout_100
8912905965,131,151638211,111,0,31.0,False,holdout_100
8912905965,132,109595982,29,0,24.0,False,holdout_100
8912906015,0,181038755,87,0,32.0,False,holdout_100
8912906015,1,1875413266,14,0,21.0,False,holdout_100
8912906015,2,195773669,76,0,21.0,False,holdout_100
8912906015,3,349408260,63,0,32.0,False,holdout_100
8912906015,4,213020455,42,0,25.0,False,holdout_100
8912906015,128,110148589,100,0,33.0,False,holdout_100
8912906015,129,214400353,67,0,23.0,False,holdout_100
8912906015,130,36827544,75,0,33.0,False,holdout_100
8912906015,131,162393631,7,0,33.0,False,holdout_100
8912906015,132,108454048,35,0,25.0,False,holdout_100
8912906069,0,1139278801,97,0,64.0,False,holdout_100
8912906069,1,1159836498,39,0,62.0,False,holdout_100
8912906069,2,1113392605,85,0,53.0,False,holdout_100
8912906069,3,252239851,54,0,61.0,False,holdout_100
8912906069,4,197777172,5,0,63.0,False,holdout_100
8912906069,128,128827780,71,0,64.0,False,holdout_100
8912906069,129,338183873,35,0,64.0,False,holdout_100
8912906069,130,427937077,13,0,25.0,False,holdout_100
8912906069,131,126488819,30,0,63.0,False,holdout_100
8912906069,132,105492686,9,0,63.0,False,holdout_100
8912906073,0,325955856,20,0,42.0,False,holdout_100
8912906073,1,129734077,5,0,41.0,False,holdout_100
8912906073,2,1586796971,14,0,33.0,False,holdout_100
8912906073,3,1928107501,8,0,41.0,False,holdout_100
8912906073,4,257584749,39,0,32.0,False,holdout_100
8912906073,128,191380749,22,0,42.0,False,holdout_100
8912906073,129,170362286,53,0,42.0,False,holdout_100
8912906073,130,387603414,27,0,35.0,False,holdout_100
8912906073,131,155707390,62,0,35.0,False,holdout_100
8912906073,132,326594852,113,0,42.0,False,holdout_100
8912906075,0,157673433,86,0,,False,holdout_100
8912906075,1,1422742414,20,0,32.0,False,holdout_100
8912906075,2,129937002,81,0,33.0,False,holdout_100
8912906075,3,141974893,14,0,34.0,False,holdout_100
8912906075,4,162965959,72,0,44.0,False,holdout_100
8912906075,128,155191298,56,0,34.0,False,holdout_100
8912906075,129,1132734840,42,0,31.0,False,holdout_100
8912906075,130,1908348775,31,0,33.0,False,holdout_100
8912906075,131,94581740,74,0,,False,holdout_100
8912906075,132,1562714516,2,0,32.0,False,holdout_100
8912906127,0,855437645,79,0,64.0,False,holdout_100
8912906127,1,143095110,35,0,63.0,False,holdout_100
8912906127,2,490617776,3,0,62.0,False,holdout_100
8912906127,3,387869579,8,0,65.0,False,holdout_100
8912906127,4,967003607,2,0,63.0,False,holdout_100
8912906127,128,208229625,106,0,64.0,False,holdout_100
8912906127,129,1415477553,86,0,64.0,False,holdout_100
8912906127,130,1001436211,85,0,65.0,False,holdout_100
8912906127,131,275751484,71,0,63.0,False,holdout_100
8912906127,132,909265842,6,0,71.0,False,holdout_100
8912906130,0,403119652,15,0,44.0,False,holdout_100
8912906130,1,232984713,14,0,45.0,False,holdout_100
8912906130,2,1062984601,41,0,54.0,False,holdout_100
8912906130,3,156773396,22,0,42.0,False,holdout_100
8912906130,4,431878586,74,0,51.0,False,holdout_100
8912906130,128,147463878,59,0,45.0,False,holdout_100
8912906130,129,139228214,35,0,44.0,False,holdout_100
8912906130,130,149245309,48,0,42.0,False,holdout_100
8912906130,131,130004093,90,0,44.0,False,holdout_100
8912906130,132,324400348,7,0,44.0,False,holdout_100
8912906165,0,1122889659,86,0,51.0,False,holdout_100
8912906165,1,158773615,108,0,42.0,False,holdout_100
8912906165,2,1702063478,12,0,51.0,False,holdout_100
8912906165,3,996062747,5,0,43.0,False,holdout_100
8912906165,4,146780027,14,0,51.0,False,holdout_100
8912906165,128,251104351,9,0,53.0,False,holdout_100
8912906165,129,170189767,20,0,53.0,False,holdout_100
8912906165,130,910439144,97,0,,False,holdout_100
8912906165,131,1283939093,44,0,32.0,False,holdout_100
8912906165,132,1031157359,74,0,34.0,False,holdout_100
8912906167,0,153181384,64,0,34.0,False,holdout_100
8912906167,1,123971424,85,0,21.0,False,holdout_100
8912906167,2,1794759552,20,0,22.0,False,holdout_100
8912906167,3,369211606,5,0,14.0,False,holdout_100
8912906167,4,139289585,82,1,23.0,False,holdout_100
8912906167,128,229144647,107,0,43.0,False,holdout_100
8912906167,129,379604401,19,0,25.0,False,holdout_100
8912906167,130,369895398,31,0,13.0,False,holdout_100
8912906167,131,201200669,42,0,25.0,False,holdout_100
8912906167,132,1027653181,39,0,45.0,False,holdout_100
8912906214,0,1129899807,15,0,65.0,False,holdout_100
8912906214,1,300642711,114,0,65.0,False,holdout_100
8912906214,2,257511517,74,0,62.0,False,holdout_100
8912906214,3,876199726,14,0,74.0,False,holdout_100
8912906214,4,366125359,128,0,53.0,False,holdout_100
8912906214,128,182865661,8,0,63.0,False,holdout_100
8912906214,129,1275920716,22,0,63.0,False,holdout_100
8912906214,130,100495448,138,0,64.0,False,holdout_100
8912906214,131,1506649530,60,0,64.0,False,holdout_100
8912906214,132,399202474,25,0,73.0,False,holdout_100
8912906228,0,326729661,93,0,24.0,False,holdout_100
8912906228,1,397498207,40,0,31.0,False,holdout_100
8912906228,2,924103792,96,0,33.0,False,holdout_100
8912906228,3,1117368045,74,0,25.0,False,holdout_100
8912906228,4,185163980,71,0,33.0,False,holdout_100
8912906228,128,227583059,108,0,25.0,False,holdout_100
8912906228,129,124692291,111,0,35.0,False,holdout_100
8912906228,130,197511834,26,0,32.0,False,holdout_100
8912906228,131,126823474,59,0,33.0,False,holdout_100
8912906228,132,1098129506,4,0,32.0,False,holdout_100
8912659439,0,134060134,8,0,51.0,False,smoke_eu
8912659439,1,881007835,101,0,,False,smoke_eu
8912659439,2,1200502316,2,0,65.0,False,smoke_eu
8912659439,3,1247695448,74,0,52.0,False,smoke_eu
8912659439,4,471205509,27,0,51.0,False,smoke_eu
8912659439,128,253689217,43,0,51.0,False,smoke_eu
8912659439,129,1480272221,21,0,45.0,False,smoke_eu
8912659439,130,177325028,26,0,42.0,False,smoke_eu
8912659439,131,1522795970,30,0,51.0,False,smoke_eu
8912659439,132,1000942698,54,0,52.0,False,smoke_eu
8912659556,0,1906331477,14,0,,False,smoke_eu
8912659556,1,1922570060,26,0,21.0,False,smoke_eu
8912659556,2,758876271,109,0,,False,smoke_eu
8912659556,3,1737492131,82,0,23.0,False,smoke_eu
8912659556,4,819438375,61,0,12.0,False,smoke_eu
8912659556,128,1600563600,93,0,15.0,False,smoke_eu
8912659556,129,1779437023,27,0,14.0,False,smoke_eu
8912659556,130,1266916044,81,0,14.0,False,smoke_eu
8912659556,131,1618054007,11,0,22.0,False,smoke_eu
8912659556,132,396033370,20,0,15.0,False,smoke_eu
8912659801,0,151378745,22,0,52.0,False,smoke_eu
8912659801,1,1572467809,10,1,51.0,False,smoke_eu
8912659801,2,371940794,105,0,52.0,False,smoke_eu
8912659801,3,128119745,86,0,42.0,False,smoke_eu
8912659801,4,148970865,37,0,51.0,False,smoke_eu
8912659801,128,110565757,27,0,52.0,False,smoke_eu
8912659801,129,1009810915,74,0,52.0,False,smoke_eu
8912659801,130,964492657,70,0,52.0,False,smoke_eu
8912659801,131,282684672,14,0,52.0,False,smoke_eu
8912659801,132,888738971,45,0,52.0,False,smoke_eu
8912661661,0,1196767149,145,0,,False,smoke_eu
8912661661,1,749238501,105,0,,False,smoke_eu
8912661661,2,107798684,78,1,21.0,False,smoke_eu
8912661661,3,1269843395,97,0,22.0,False,smoke_eu
8912661661,4,1509573891,73,0,13.0,False,smoke_eu
8912661661,128,1392076903,62,0,13.0,False,smoke_eu
8912661661,129,1486487714,2,0,13.0,False,smoke_eu
8912661661,130,1182032535,90,0,15.0,False,smoke_eu
8912661661,131,1482675341,12,0,13.0,False,smoke_eu
8912661661,132,199290344,21,0,21.0,False,smoke_eu
8912662355,0,1599762593,67,0,,False,smoke_eu
8912662355,1,1281537465,27,0,,False,smoke_eu
8912662355,2,1245560220,28,0,,False,smoke_eu
8912662355,3,1682641465,44,0,12.0,False,smoke_eu
8912662355,4,433027853,137,0,12.0,False,smoke_eu
8912662355,128,1838093002,81,0,12.0,False,smoke_eu
8912662355,129,1590756585,88,0,,False,smoke_eu
8912662355,130,66098102,102,0,12.0,False,smoke_eu
8912662355,131,254752661,22,0,,False,smoke_eu
8912662355,132,917109182,2,0,,False,smoke_eu
8912662393,0,1059916157,113,0,51.0,False,smoke_eu
8912662393,1,43510775,47,0,33.0,False,smoke_eu
8912662393,2,1157784987,1,0,42.0,False,smoke_eu
8912662393,3,407202116,121,0,52.0,False,smoke_eu
8912662393,4,983173864,97,0,44.0,False,smoke_eu
8912662393,128,1224635958,35,0,43.0,False,smoke_eu
8912662393,129,756254718,25,0,32.0,False,smoke_eu
8912662393,130,1780252153,54,1,32.0,False,smoke_eu
8912662393,131,818417944,112,0,22.0,False,smoke_eu
8912662393,132,813594243,2,0,32.0,False,smoke_eu
